product_id,product_name,category,brand,price,avg_rating,num_ratings,stock_quantity,discount_pct,is_featured,weight_kg
P0000,PetLife Health #0,Health,PetLife,34.82,4.0,137,126,0,0,0.35
P0001,GlowUp Beauty #1,Beauty,GlowUp,53.35,5.0,494,51,10,0,1.76
P0002,EcoLiving Office Supplies #2,Office Supplies,EcoLiving,51.45,3.5,433,928,0,0,0.21
P0003,DigiTools Electronics #3,Electronics,DigiTools,179.9,4.0,267,127,0,1,0.25
P0004,StyleMax Pet Supplies #4,Pet Supplies,StyleMax,12.54,3.7,402,580,0,0,1.23
P0005,GlowUp Health #5,Health,GlowUp,26.06,3.4,76,639,0,0,4.8
P0006,PlayTime Sports #6,Sports,PlayTime,43.06,3.4,375,220,0,0,3.16
P0007,PetLife Sports #7,Sports,PetLife,57.53,2.5,95,918,0,0,1.46
P0008,PureBrand Clothing #8,Clothing,PureBrand,18.35,4.1,409,802,40,0,0.12
P0009,HomeEssentials Food & Grocery #9,Food & Grocery,HomeEssentials,20.37,4.3,120,48,0,0,0.09
P0010,StyleMax Jewelry #10,Jewelry,StyleMax,57.47,3.6,271,28,0,0,0.84
P0011,UrbanStyle Music #11,Music,UrbanStyle,21.01,4.2,365,989,0,0,5.84
P0012,PetLife Automotive #12,Automotive,PetLife,75.31,2.6,12,110,0,0,0.41
P0013,PureBrand Books #13,Books,PureBrand,10.75,5.0,92,470,0,0,2.37
P0014,EcoLiving Home & Garden #14,Home & Garden,EcoLiving,117.43,3.4,110,767,0,0,1.36
P0015,FreshMarket Beauty #15,Beauty,FreshMarket,23.98,3.6,103,381,0,0,0.56
P0016,GlowUp Home & Garden #16,Home & Garden,GlowUp,37.26,4.5,393,956,0,0,0.66
P0017,StyleMax Home & Garden #17,Home & Garden,StyleMax,78.39,2.8,489,682,10,1,0.19
P0018,DigiTools Home & Garden #18,Home & Garden,DigiTools,93.25,3.6,208,753,0,0,1.55
P0019,PlayTime Electronics #19,Electronics,PlayTime,181.34,3.4,378,989,30,1,0.52
P0020,TechPro Electronics #20,Electronics,TechPro,219.43,4.4,112,127,0,0,2.34
P0021,ReadMore Toys #21,Toys,ReadMore,40.48,3.0,190,204,0,0,0.8
P0022,PureBrand Music #22,Music,PureBrand,16.22,4.4,82,102,15,0,0.74
P0023,ClassicCo Clothing #23,Clothing,ClassicCo,39.83,4.0,292,962,40,0,0.12
P0024,EcoLiving Jewelry #24,Jewelry,EcoLiving,133.52,2.7,144,550,0,0,1.33
P0025,PureBrand Sports #25,Sports,PureBrand,46.47,4.5,233,124,0,0,1.67
P0026,PetLife Health #26,Health,PetLife,23.8,5.0,336,293,25,0,3.52
P0027,GlowUp Jewelry #27,Jewelry,GlowUp,89.93,3.3,308,810,25,0,0.43
P0028,SoundWave Office Supplies #28,Office Supplies,SoundWave,12.38,3.4,222,526,0,0,1.3
P0029,EcoLiving Electronics #29,Electronics,EcoLiving,193.58,2.9,476,703,40,0,1.49
P0030,ReadMore Clothing #30,Clothing,ReadMore,73.08,3.9,444,489,0,0,0.28
P0031,EcoLiving Automotive #31,Automotive,EcoLiving,43.54,4.7,392,487,15,0,0.53
P0032,ShineOn Office Supplies #32,Office Supplies,ShineOn,19.58,3.2,16,883,15,0,0.31
P0033,EcoLiving Beauty #33,Beauty,EcoLiving,40.46,3.0,261,546,0,0,0.33
P0034,DigiTools Office Supplies #34,Office Supplies,DigiTools,19.43,4.8,492,744,40,0,0.67
P0035,StyleMax Beauty #35,Beauty,StyleMax,60.26,3.4,73,976,25,0,0.5
P0036,ClassicCo Clothing #36,Clothing,ClassicCo,46.35,3.2,279,456,0,0,0.98
P0037,UrbanStyle Food & Grocery #37,Food & Grocery,UrbanStyle,14.6,3.6,31,765,50,0,1.87
P0038,HomeEssentials Clothing #38,Clothing,HomeEssentials,90.04,2.6,357,892,0,0,1.81
P0039,WorkSmart Beauty #39,Beauty,WorkSmart,38.89,3.1,243,989,0,0,2.2
P0040,ShineOn Food & Grocery #40,Food & Grocery,ShineOn,11.91,5.0,121,414,0,0,0.77
P0041,UrbanStyle Clothing #41,Clothing,UrbanStyle,36.32,4.4,33,113,0,0,0.6
P0042,SoundWave Jewelry #42,Jewelry,SoundWave,83.5,4.5,56,901,5,0,0.29
P0043,PlayTime Music #43,Music,PlayTime,21.4,4.3,490,396,0,0,2.01
P0044,DigiTools Clothing #44,Clothing,DigiTools,30.63,4.3,426,74,20,0,2.65
P0045,NovaTech Home & Garden #45,Home & Garden,NovaTech,116.05,3.7,252,248,0,0,3.5
P0046,WorkSmart Sports #46,Sports,WorkSmart,158.3,3.9,471,862,10,0,1.37
P0047,FitGear Health #47,Health,FitGear,35.22,4.1,80,326,0,0,0.63
P0048,AutoParts Electronics #48,Electronics,AutoParts,85.12,3.6,34,607,0,0,0.34
P0049,ReadMore Pet Supplies #49,Pet Supplies,ReadMore,36.92,4.8,116,967,40,0,0.26
P0050,WellBeing Automotive #50,Automotive,WellBeing,84.53,2.6,220,684,0,0,0.14
P0051,TechPro Books #51,Books,TechPro,20.98,3.5,113,553,0,0,2.8
P0052,StyleMax Food & Grocery #52,Food & Grocery,StyleMax,11.83,4.7,479,355,0,0,1.47
P0053,GlowUp Home & Garden #53,Home & Garden,GlowUp,96.65,4.8,256,833,0,0,10.34
P0054,FitGear Sports #54,Sports,FitGear,34.99,3.4,118,754,20,0,0.89
P0055,WorkSmart Music #55,Music,WorkSmart,22.23,4.0,220,9,0,0,1.06
P0056,EcoLiving Electronics #56,Electronics,EcoLiving,235.15,4.2,494,435,0,1,1.44
P0057,EcoLiving Electronics #57,Electronics,EcoLiving,245.22,5.0,313,522,20,0,1.82
P0058,GlowUp Food & Grocery #58,Food & Grocery,GlowUp,17.8,3.2,50,347,0,0,0.51
P0059,StyleMax Toys #59,Toys,StyleMax,39.72,4.0,200,956,40,0,0.96
P0060,TechPro Pet Supplies #60,Pet Supplies,TechPro,14.22,3.5,450,964,0,0,2.16
P0061,FitGear Clothing #61,Clothing,FitGear,67.2,5.0,337,341,0,0,4.91
P0062,UrbanStyle Office Supplies #62,Office Supplies,UrbanStyle,21.98,3.7,311,4,0,0,0.4
P0063,PetLife Toys #63,Toys,PetLife,22.74,3.3,188,494,0,0,1.22
P0064,StyleMax Office Supplies #64,Office Supplies,StyleMax,23.09,4.4,456,660,30,0,1.1
P0065,EcoLiving Home & Garden #65,Home & Garden,EcoLiving,67.75,3.4,153,299,0,0,0.76
P0066,FreshMarket Music #66,Music,FreshMarket,18.93,3.9,95,682,0,0,2.75
P0067,SoundWave Music #67,Music,SoundWave,7.47,4.3,20,711,20,0,9.78
P0068,SoundWave Office Supplies #68,Office Supplies,SoundWave,21.47,2.4,375,21,0,0,1.44
P0069,EcoLiving Sports #69,Sports,EcoLiving,45.31,3.1,397,8,0,1,0.46
P0070,PureBrand Sports #70,Sports,PureBrand,59.48,5.0,19,566,0,0,0.24
P0071,EcoLiving Pet Supplies #71,Pet Supplies,EcoLiving,24.36,4.0,251,570,30,0,0.93
P0072,FreshMarket Home & Garden #72,Home & Garden,FreshMarket,173.89,3.1,121,829,0,0,2.57
P0073,ReadMore Beauty #73,Beauty,ReadMore,27.18,3.9,99,111,10,0,0.81
P0074,SoundWave Clothing #74,Clothing,SoundWave,21.0,2.3,449,420,0,1,1.3
P0075,GlowUp Food & Grocery #75,Food & Grocery,GlowUp,11.43,3.9,229,452,30,0,7.06
P0076,StyleMax Toys #76,Toys,StyleMax,20.02,4.1,336,660,0,0,1.91
P0077,ClassicCo Health #77,Health,ClassicCo,38.84,3.7,164,504,0,1,1.06
P0078,AutoParts Jewelry #78,Jewelry,AutoParts,71.89,3.4,339,684,10,0,0.26
P0079,DigiTools Health #79,Health,DigiTools,48.06,5.0,107,407,0,0,2.24
P0080,TechPro Electronics #80,Electronics,TechPro,198.68,3.7,214,108,0,0,1.75
P0081,PureBrand Jewelry #81,Jewelry,PureBrand,107.45,2.5,332,50,0,0,2.28
P0082,DigiTools Books #82,Books,DigiTools,31.33,3.7,94,54,0,0,0.29
P0083,PureBrand Sports #83,Sports,PureBrand,51.72,4.9,232,557,0,0,0.97
P0084,PetLife Toys #84,Toys,PetLife,12.84,5.0,262,431,20,0,1.79
P0085,TechPro Food & Grocery #85,Food & Grocery,TechPro,9.44,1.6,215,250,0,0,0.23
P0086,FreshMarket Jewelry #86,Jewelry,FreshMarket,45.2,3.1,129,610,0,0,1.14
P0087,PetLife Jewelry #87,Jewelry,PetLife,67.02,3.7,234,441,0,0,2.96
P0088,EcoLiving Home & Garden #88,Home & Garden,EcoLiving,10.35,3.9,126,308,20,0,0.53
P0089,EcoLiving Sports #89,Sports,EcoLiving,76.05,2.9,326,90,10,0,2.88
P0090,ReadMore Food & Grocery #90,Food & Grocery,ReadMore,5.71,4.2,147,121,0,0,1.03
P0091,ShineOn Books #91,Books,ShineOn,21.51,4.5,399,163,20,0,1.1
P0092,NovaTech Sports #92,Sports,NovaTech,36.28,3.1,152,169,5,0,2.68
P0093,StyleMax Sports #93,Sports,StyleMax,43.67,3.8,231,615,50,0,0.51
P0094,FitGear Sports #94,Sports,FitGear,112.77,4.7,251,616,0,0,0.27
P0095,SoundWave Sports #95,Sports,SoundWave,42.76,5.0,271,993,0,0,0.77
P0096,PetLife Health #96,Health,PetLife,21.52,4.6,76,81,0,0,1.39
P0097,AutoParts Home & Garden #97,Home & Garden,AutoParts,46.71,3.4,322,981,0,1,1.42
P0098,EcoLiving Jewelry #98,Jewelry,EcoLiving,48.31,4.2,262,729,20,0,1.37
P0099,PetLife Home & Garden #99,Home & Garden,PetLife,91.76,3.8,87,114,0,0,0.48
P0100,TechPro Music #100,Music,TechPro,23.7,3.2,316,569,0,0,1.61
P0101,EcoLiving Electronics #101,Electronics,EcoLiving,172.1,4.4,385,579,5,0,0.9
P0102,WorkSmart Software #102,Software,WorkSmart,73.4,4.4,244,102,30,0,4.6
P0103,ReadMore Books #103,Books,ReadMore,20.23,3.8,16,903,0,0,2.43
P0104,WorkSmart Electronics #104,Electronics,WorkSmart,174.2,4.8,339,707,0,0,1.68
P0105,FreshMarket Music #105,Music,FreshMarket,20.33,3.6,118,399,0,1,0.83
P0106,AutoParts Clothing #106,Clothing,AutoParts,39.95,3.7,307,418,20,0,0.7
P0107,StyleMax Automotive #107,Automotive,StyleMax,57.5,4.2,492,804,0,0,0.8
P0108,ReadMore Pet Supplies #108,Pet Supplies,ReadMore,6.97,4.1,162,611,0,1,1.32
P0109,PetLife Sports #109,Sports,PetLife,43.28,3.1,312,142,10,0,2.66
P0110,PlayTime Music #110,Music,PlayTime,17.85,5.0,426,602,0,0,0.23
P0111,StyleMax Jewelry #111,Jewelry,StyleMax,44.6,4.3,210,985,0,1,0.61
P0112,GlowUp Electronics #112,Electronics,GlowUp,302.87,4.0,204,873,0,0,3.48
P0113,GlowUp Office Supplies #113,Office Supplies,GlowUp,17.76,3.8,368,643,0,0,0.57
P0114,ClassicCo Automotive #114,Automotive,ClassicCo,97.99,3.9,491,539,0,0,0.43
P0115,EcoLiving Home & Garden #115,Home & Garden,EcoLiving,68.27,5.0,195,617,0,1,2.91
P0116,DigiTools Jewelry #116,Jewelry,DigiTools,84.45,4.8,257,275,0,1,1.65
P0117,HomeEssentials Automotive #117,Automotive,HomeEssentials,59.46,4.5,180,581,0,0,1.25
P0118,GlowUp Office Supplies #118,Office Supplies,GlowUp,13.86,5.0,105,837,0,0,1.84
P0119,PlayTime Software #119,Software,PlayTime,21.18,4.3,375,902,0,0,0.75
P0120,WellBeing Health #120,Health,WellBeing,71.94,3.3,11,593,30,1,1.04
P0121,EcoLiving Clothing #121,Clothing,EcoLiving,52.35,4.6,233,308,0,1,1.1
P0122,ShineOn Pet Supplies #122,Pet Supplies,ShineOn,15.21,4.2,354,216,30,0,0.72
P0123,EcoLiving Software #123,Software,EcoLiving,65.51,5.0,235,213,10,0,0.72
P0124,ClassicCo Office Supplies #124,Office Supplies,ClassicCo,11.06,4.4,51,232,0,0,0.42
P0125,DigiTools Toys #125,Toys,DigiTools,33.36,3.9,55,534,0,0,0.61
P0126,GlowUp Clothing #126,Clothing,GlowUp,55.14,4.8,179,442,25,0,0.64
P0127,PetLife Food & Grocery #127,Food & Grocery,PetLife,8.56,2.5,412,984,10,0,0.15
P0128,WorkSmart Electronics #128,Electronics,WorkSmart,89.44,4.4,139,617,0,0,1.83
P0129,SoundWave Electronics #129,Electronics,SoundWave,153.69,4.5,173,982,0,0,1.31
P0130,ShineOn Home & Garden #130,Home & Garden,ShineOn,62.28,2.9,444,918,10,0,4.41
P0131,SoundWave Books #131,Books,SoundWave,6.76,3.9,282,91,30,0,0.27
P0132,PlayTime Automotive #132,Automotive,PlayTime,55.74,3.5,459,266,0,0,0.36
P0133,WellBeing Beauty #133,Beauty,WellBeing,56.81,3.7,204,47,0,0,2.55
P0134,FitGear Pet Supplies #134,Pet Supplies,FitGear,23.77,4.5,261,640,20,0,0.3
P0135,FreshMarket Software #135,Software,FreshMarket,184.99,3.2,304,808,20,0,0.95
P0136,PureBrand Jewelry #136,Jewelry,PureBrand,110.43,3.8,398,914,0,0,0.78
P0137,HomeEssentials Pet Supplies #137,Pet Supplies,HomeEssentials,22.39,3.1,263,642,0,0,4.62
P0138,EcoLiving Office Supplies #138,Office Supplies,EcoLiving,12.58,4.0,203,237,0,0,0.95
P0139,UrbanStyle Software #139,Software,UrbanStyle,27.83,4.1,479,625,0,0,0.94
P0140,PetLife Books #140,Books,PetLife,15.96,2.8,157,259,0,0,1.24
P0141,AutoParts Health #141,Health,AutoParts,27.14,3.5,478,699,0,0,0.42
P0142,NovaTech Music #142,Music,NovaTech,15.12,3.6,347,37,0,0,0.6
P0143,EcoLiving Jewelry #143,Jewelry,EcoLiving,97.51,4.1,85,31,0,0,0.33
P0144,NovaTech Sports #144,Sports,NovaTech,35.09,4.6,337,612,0,0,1.91
P0145,AutoParts Electronics #145,Electronics,AutoParts,303.85,3.2,446,410,40,0,1.99
P0146,DigiTools Music #146,Music,DigiTools,20.43,3.5,66,137,0,0,0.43
P0147,ShineOn Jewelry #147,Jewelry,ShineOn,66.23,5.0,219,479,10,0,0.77
P0148,EcoLiving Automotive #148,Automotive,EcoLiving,88.88,4.6,442,622,0,0,1.17
P0149,PureBrand Jewelry #149,Jewelry,PureBrand,28.36,3.0,234,658,30,0,0.25
P0150,WellBeing Office Supplies #150,Office Supplies,WellBeing,24.06,3.7,269,32,0,1,1.7
P0151,StyleMax Office Supplies #151,Office Supplies,StyleMax,23.86,4.1,369,580,0,0,0.34
P0152,WellBeing Books #152,Books,WellBeing,5.32,4.5,33,76,0,0,0.18
P0153,GlowUp Health #153,Health,GlowUp,13.73,4.1,253,755,0,0,1.06
P0154,FitGear Jewelry #154,Jewelry,FitGear,76.48,4.3,17,722,0,0,1.83
P0155,GlowUp Pet Supplies #155,Pet Supplies,GlowUp,18.09,4.1,359,542,0,0,2.45
P0156,UrbanStyle Electronics #156,Electronics,UrbanStyle,193.36,4.0,263,809,0,0,1.58
P0157,ClassicCo Electronics #157,Electronics,ClassicCo,204.42,2.7,209,632,0,0,0.51
P0158,PlayTime Jewelry #158,Jewelry,PlayTime,192.56,3.6,205,596,0,0,6.35
P0159,HomeEssentials Books #159,Books,HomeEssentials,12.48,4.8,361,5,50,0,1.07
P0160,SoundWave Automotive #160,Automotive,SoundWave,107.91,4.7,403,190,0,0,0.4
P0161,UrbanStyle Software #161,Software,UrbanStyle,39.32,3.8,245,636,20,0,2.63
P0162,PureBrand Food & Grocery #162,Food & Grocery,PureBrand,14.51,3.6,418,946,0,0,1.34
P0163,HomeEssentials Sports #163,Sports,HomeEssentials,40.44,3.2,55,511,0,0,7.63
P0164,SoundWave Software #164,Software,SoundWave,25.76,3.1,402,991,0,0,4.7
P0165,PureBrand Clothing #165,Clothing,PureBrand,32.93,4.6,299,413,0,0,0.67
P0166,UrbanStyle Food & Grocery #166,Food & Grocery,UrbanStyle,14.44,3.5,96,133,0,0,0.29
P0167,HomeEssentials Health #167,Health,HomeEssentials,19.5,4.0,337,696,5,0,0.61
P0168,StyleMax Electronics #168,Electronics,StyleMax,206.95,5.0,348,718,0,0,0.1
P0169,TechPro Beauty #169,Beauty,TechPro,35.03,3.9,123,2,20,1,1.04
P0170,SoundWave Clothing #170,Clothing,SoundWave,52.98,3.4,483,879,30,0,2.67
P0171,NovaTech Jewelry #171,Jewelry,NovaTech,129.62,4.7,333,769,0,0,1.02
P0172,SoundWave Toys #172,Toys,SoundWave,68.73,4.9,75,589,0,0,1.61
P0173,NovaTech Office Supplies #173,Office Supplies,NovaTech,10.52,2.2,497,886,0,0,2.16
P0174,ReadMore Software #174,Software,ReadMore,41.11,4.8,404,727,25,0,4.45
P0175,AutoParts Software #175,Software,AutoParts,48.31,3.1,241,113,25,0,1.18
P0176,TechPro Electronics #176,Electronics,TechPro,154.57,5.0,446,660,0,1,0.8
P0177,ShineOn Health #177,Health,ShineOn,62.45,5.0,156,354,10,0,0.57
P0178,NovaTech Electronics #178,Electronics,NovaTech,370.61,4.1,100,985,0,0,4.97
P0179,ReadMore Automotive #179,Automotive,ReadMore,243.69,3.3,85,868,0,0,0.55
P0180,PureBrand Software #180,Software,PureBrand,46.35,4.7,350,710,0,0,6.37
P0181,PureBrand Food & Grocery #181,Food & Grocery,PureBrand,6.72,4.1,98,62,40,0,0.72
P0182,EcoLiving Automotive #182,Automotive,EcoLiving,70.97,3.4,111,908,0,0,0.43
P0183,UrbanStyle Electronics #183,Electronics,UrbanStyle,122.74,4.4,113,227,0,0,1.53
P0184,StyleMax Electronics #184,Electronics,StyleMax,301.53,3.1,308,789,10,0,1.28
P0185,ClassicCo Electronics #185,Electronics,ClassicCo,290.35,4.2,180,805,0,0,0.19
P0186,PlayTime Automotive #186,Automotive,PlayTime,117.15,4.2,215,496,15,0,2.01
P0187,UrbanStyle Pet Supplies #187,Pet Supplies,UrbanStyle,70.8,4.4,12,357,0,0,0.16
P0188,DigiTools Office Supplies #188,Office Supplies,DigiTools,20.08,4.8,219,206,0,0,6.13
P0189,PetLife Pet Supplies #189,Pet Supplies,PetLife,18.07,3.4,238,338,10,0,0.24
P0190,ClassicCo Home & Garden #190,Home & Garden,ClassicCo,58.5,3.5,63,75,0,0,1.34
P0191,PlayTime Books #191,Books,PlayTime,9.2,3.8,443,398,50,0,1.72
P0192,HomeEssentials Clothing #192,Clothing,HomeEssentials,31.78,4.5,479,417,0,0,2.62
P0193,PureBrand Office Supplies #193,Office Supplies,PureBrand,20.08,3.6,233,967,0,0,0.24
P0194,NovaTech Beauty #194,Beauty,NovaTech,38.3,2.5,13,457,0,0,1.69
P0195,FreshMarket Sports #195,Sports,FreshMarket,32.87,3.6,254,57,0,1,0.34
P0196,EcoLiving Automotive #196,Automotive,EcoLiving,41.38,3.9,38,145,0,0,1.28
P0197,PureBrand Pet Supplies #197,Pet Supplies,PureBrand,35.62,3.2,285,367,0,1,0.14
P0198,FitGear Food & Grocery #198,Food & Grocery,FitGear,7.72,1.9,113,301,0,0,1.69
P0199,FitGear Jewelry #199,Jewelry,FitGear,96.71,4.2,487,361,0,0,3.7
P0200,ClassicCo Jewelry #200,Jewelry,ClassicCo,159.01,3.0,252,445,5,0,0.75
P0201,PetLife Toys #201,Toys,PetLife,37.39,4.6,145,979,0,0,1.1
P0202,TechPro Books #202,Books,TechPro,20.12,5.0,317,47,0,0,1.86
P0203,PetLife Health #203,Health,PetLife,60.17,3.3,479,287,0,0,1.4
P0204,HomeEssentials Office Supplies #204,Office Supplies,HomeEssentials,22.48,4.1,109,328,0,0,0.2
P0205,GlowUp Beauty #205,Beauty,GlowUp,17.21,4.0,381,944,0,0,0.3
P0206,PureBrand Music #206,Music,PureBrand,61.45,2.8,459,642,0,0,0.67
P0207,GlowUp Food & Grocery #207,Food & Grocery,GlowUp,14.95,1.9,221,403,15,1,1.12
P0208,PlayTime Home & Garden #208,Home & Garden,PlayTime,75.93,2.9,464,34,0,0,0.62
P0209,EcoLiving Pet Supplies #209,Pet Supplies,EcoLiving,27.23,3.6,421,456,0,0,1.1
P0210,AutoParts Toys #210,Toys,AutoParts,10.65,5.0,259,862,0,0,2.74
P0211,PlayTime Clothing #211,Clothing,PlayTime,29.04,4.3,477,676,15,0,0.7
P0212,NovaTech Automotive #212,Automotive,NovaTech,181.22,3.3,88,926,5,0,0.33
P0213,SoundWave Electronics #213,Electronics,SoundWave,76.22,3.3,469,480,0,1,1.65
P0214,WorkSmart Health #214,Health,WorkSmart,32.94,3.3,153,282,0,0,3.41
P0215,WellBeing Automotive #215,Automotive,WellBeing,91.39,2.5,225,216,0,0,1.33
P0216,StyleMax Health #216,Health,StyleMax,29.32,3.1,149,608,0,0,0.63
P0217,ReadMore Pet Supplies #217,Pet Supplies,ReadMore,68.63,4.4,454,839,0,0,0.84
P0218,NovaTech Electronics #218,Electronics,NovaTech,92.55,3.8,143,578,5,0,0.62
P0219,GlowUp Automotive #219,Automotive,GlowUp,55.53,3.7,351,282,0,0,1.34
P0220,EcoLiving Automotive #220,Automotive,EcoLiving,93.84,4.7,263,617,0,0,0.12
P0221,PlayTime Home & Garden #221,Home & Garden,PlayTime,73.06,3.1,38,857,0,1,1.1
P0222,PlayTime Software #222,Software,PlayTime,52.5,4.3,382,595,0,0,0.84
P0223,GlowUp Food & Grocery #223,Food & Grocery,GlowUp,13.72,2.9,18,968,0,0,2.46
P0224,StyleMax Health #224,Health,StyleMax,25.41,4.5,90,262,0,0,0.24
P0225,HomeEssentials Toys #225,Toys,HomeEssentials,21.06,3.9,199,533,25,0,0.32
P0226,TechPro Automotive #226,Automotive,TechPro,47.27,3.9,218,239,0,0,1.42
P0227,TechPro Software #227,Software,TechPro,60.95,3.9,322,174,0,0,3.68
P0228,EcoLiving Electronics #228,Electronics,EcoLiving,85.26,4.4,30,116,5,0,0.87
P0229,EcoLiving Health #229,Health,EcoLiving,17.65,3.1,447,162,20,0,0.79
P0230,PlayTime Pet Supplies #230,Pet Supplies,PlayTime,38.73,4.6,23,319,0,0,0.46
P0231,GlowUp Food & Grocery #231,Food & Grocery,GlowUp,8.92,3.6,18,851,0,0,1.04
P0232,FreshMarket Jewelry #232,Jewelry,FreshMarket,300.23,4.4,369,197,15,1,0.38
P0233,ClassicCo Beauty #233,Beauty,ClassicCo,23.76,4.3,135,283,0,0,0.27
P0234,EcoLiving Jewelry #234,Jewelry,EcoLiving,71.49,3.4,123,731,30,0,1.72
P0235,TechPro Beauty #235,Beauty,TechPro,57.91,4.4,373,494,0,0,0.42
P0236,EcoLiving Office Supplies #236,Office Supplies,EcoLiving,32.6,3.2,302,653,0,1,1.95
P0237,EcoLiving Home & Garden #237,Home & Garden,EcoLiving,54.38,2.7,181,784,0,0,0.94
P0238,WorkSmart Clothing #238,Clothing,WorkSmart,42.95,4.0,157,461,0,0,2.66
P0239,GlowUp Health #239,Health,GlowUp,57.82,5.0,301,55,0,0,0.34
P0240,DigiTools Sports #240,Sports,DigiTools,55.29,3.5,430,465,0,0,2.22
P0241,SoundWave Office Supplies #241,Office Supplies,SoundWave,16.92,4.2,199,433,0,0,1.01
P0242,ShineOn Sports #242,Sports,ShineOn,45.59,4.5,215,941,5,0,0.23
P0243,SoundWave Clothing #243,Clothing,SoundWave,120.62,3.1,103,670,0,0,0.49
P0244,StyleMax Health #244,Health,StyleMax,29.94,3.3,265,618,0,0,0.5
P0245,FitGear Toys #245,Toys,FitGear,21.35,4.8,30,574,0,0,1.48
P0246,DigiTools Music #246,Music,DigiTools,17.63,4.3,406,382,0,0,0.39
P0247,FitGear Pet Supplies #247,Pet Supplies,FitGear,25.77,3.9,268,406,0,1,0.29
P0248,StyleMax Software #248,Software,StyleMax,34.52,2.5,144,231,0,0,0.67
P0249,ClassicCo Home & Garden #249,Home & Garden,ClassicCo,133.31,3.5,92,352,10,0,2.52
P0250,DigiTools Beauty #250,Beauty,DigiTools,24.99,4.2,132,726,0,0,1.13
P0251,FitGear Pet Supplies #251,Pet Supplies,FitGear,32.15,1.3,34,79,0,0,0.75
P0252,NovaTech Books #252,Books,NovaTech,34.15,4.4,477,543,30,1,1.8
P0253,HomeEssentials Toys #253,Toys,HomeEssentials,21.21,4.7,154,605,0,0,0.38
P0254,ShineOn Clothing #254,Clothing,ShineOn,55.16,5.0,461,144,0,0,5.98
P0255,SoundWave Clothing #255,Clothing,SoundWave,24.47,4.8,463,58,0,0,5.27
P0256,WorkSmart Books #256,Books,WorkSmart,10.23,4.1,7,430,30,0,0.62
P0257,FitGear Software #257,Software,FitGear,53.97,4.6,280,521,0,0,1.09
P0258,TechPro Electronics #258,Electronics,TechPro,165.02,3.7,396,188,30,0,0.89
P0259,DigiTools Home & Garden #259,Home & Garden,DigiTools,88.17,3.6,119,133,0,0,0.59
P0260,ClassicCo Toys #260,Toys,ClassicCo,19.5,4.2,489,297,50,0,2.47
P0261,AutoParts Electronics #261,Electronics,AutoParts,177.15,3.3,309,39,40,0,0.23
P0262,PlayTime Home & Garden #262,Home & Garden,PlayTime,44.34,3.5,392,619,0,0,0.68
P0263,FreshMarket Food & Grocery #263,Food & Grocery,FreshMarket,21.12,5.0,385,487,0,1,1.64
P0264,EcoLiving Music #264,Music,EcoLiving,16.47,3.2,70,587,0,0,4.66
P0265,StyleMax Home & Garden #265,Home & Garden,StyleMax,43.86,4.0,425,305,0,0,3.83
P0266,PureBrand Books #266,Books,PureBrand,9.8,2.5,60,599,0,1,0.49
P0267,GlowUp Electronics #267,Electronics,GlowUp,117.13,3.3,495,488,0,0,0.45
P0268,PureBrand Home & Garden #268,Home & Garden,PureBrand,85.43,3.3,314,958,0,0,0.64
P0269,GlowUp Health #269,Health,GlowUp,33.89,3.7,308,163,20,0,4.09
P0270,WorkSmart Clothing #270,Clothing,WorkSmart,197.49,3.3,475,447,0,0,1.47
P0271,DigiTools Clothing #271,Clothing,DigiTools,34.52,3.6,216,966,0,0,16.86
P0272,FitGear Home & Garden #272,Home & Garden,FitGear,27.83,3.4,249,944,0,0,1.84
P0273,WellBeing Software #273,Software,WellBeing,45.27,3.6,339,13,0,0,5.27
P0274,FreshMarket Software #274,Software,FreshMarket,156.04,2.7,111,340,0,0,0.89
P0275,NovaTech Jewelry #275,Jewelry,NovaTech,107.96,2.7,55,135,0,0,0.43
P0276,GlowUp Home & Garden #276,Home & Garden,GlowUp,57.96,4.6,490,688,15,0,10.81
P0277,StyleMax Music #277,Music,StyleMax,13.88,3.3,368,711,15,0,0.26
P0278,UrbanStyle Jewelry #278,Jewelry,UrbanStyle,76.87,4.2,285,563,0,0,1.29
P0279,WellBeing Health #279,Health,WellBeing,63.97,4.3,139,930,5,0,1.1
P0280,ReadMore Health #280,Health,ReadMore,23.11,3.9,399,32,0,0,0.54
P0281,FitGear Office Supplies #281,Office Supplies,FitGear,20.35,2.7,333,45,0,0,1.4
P0282,HomeEssentials Sports #282,Sports,HomeEssentials,53.92,2.3,215,932,0,0,0.84
P0283,AutoParts Health #283,Health,AutoParts,35.25,3.5,232,22,10,0,0.41
P0284,ReadMore Sports #284,Sports,ReadMore,42.91,3.8,473,962,20,0,0.27
P0285,ReadMore Office Supplies #285,Office Supplies,ReadMore,9.7,4.9,126,558,0,0,1.52
P0286,ReadMore Health #286,Health,ReadMore,39.05,5.0,37,630,30,0,0.45
P0287,PlayTime Jewelry #287,Jewelry,PlayTime,78.58,4.3,384,440,0,0,0.58
P0288,AutoParts Software #288,Software,AutoParts,92.7,3.9,112,632,0,0,0.43
P0289,SoundWave Home & Garden #289,Home & Garden,SoundWave,55.16,3.9,438,204,0,0,0.44
P0290,EcoLiving Electronics #290,Electronics,EcoLiving,195.01,3.9,298,104,0,0,0.84
P0291,UrbanStyle Clothing #291,Clothing,UrbanStyle,48.72,3.2,285,132,0,0,0.28
P0292,EcoLiving Sports #292,Sports,EcoLiving,63.42,5.0,121,168,15,0,0.71
P0293,PetLife Health #293,Health,PetLife,14.24,3.5,419,853,0,0,1.73
P0294,EcoLiving Pet Supplies #294,Pet Supplies,EcoLiving,29.24,4.1,384,442,0,0,1.79
P0295,PlayTime Home & Garden #295,Home & Garden,PlayTime,25.71,4.0,419,123,0,1,0.59
P0296,FitGear Software #296,Software,FitGear,41.59,1.9,267,250,0,0,0.47
P0297,FreshMarket Software #297,Software,FreshMarket,68.92,3.2,121,695,0,0,3.2
P0298,FreshMarket Health #298,Health,FreshMarket,98.5,4.3,285,364,40,0,1.46
P0299,WellBeing Home & Garden #299,Home & Garden,WellBeing,36.53,4.8,304,827,0,0,1.63
P0300,NovaTech Pet Supplies #300,Pet Supplies,NovaTech,16.5,3.9,97,20,50,0,3.42
P0301,PetLife Automotive #301,Automotive,PetLife,34.47,4.3,496,22,0,0,2.78
P0302,ClassicCo Sports #302,Sports,ClassicCo,34.82,2.9,206,775,0,0,2.36
P0303,UrbanStyle Pet Supplies #303,Pet Supplies,UrbanStyle,78.62,4.0,57,744,5,0,0.17
P0304,HomeEssentials Electronics #304,Electronics,HomeEssentials,90.37,3.1,382,89,0,0,0.55
P0305,PureBrand Sports #305,Sports,PureBrand,10.56,4.4,323,683,0,1,0.25
P0306,GlowUp Clothing #306,Clothing,GlowUp,69.94,4.0,30,207,0,0,3.76
P0307,FitGear Health #307,Health,FitGear,53.78,5.0,183,543,0,0,0.69
P0308,StyleMax Health #308,Health,StyleMax,35.87,3.8,50,739,0,0,0.46
P0309,NovaTech Software #309,Software,NovaTech,53.32,2.7,193,79,0,1,1.33
P0310,ReadMore Food & Grocery #310,Food & Grocery,ReadMore,17.78,4.1,26,995,5,0,1.83
P0311,PetLife Software #311,Software,PetLife,74.85,3.6,30,907,0,1,1.57
P0312,PlayTime Sports #312,Sports,PlayTime,30.0,4.6,408,307,0,0,1.0
P0313,FreshMarket Home & Garden #313,Home & Garden,FreshMarket,32.11,3.2,140,908,0,1,3.24
P0314,PetLife Software #314,Software,PetLife,30.25,4.8,366,536,10,0,0.7
P0315,ReadMore Clothing #315,Clothing,ReadMore,30.61,2.7,427,341,0,0,0.22
P0316,WorkSmart Jewelry #316,Jewelry,WorkSmart,129.3,5.0,342,873,0,0,0.66
P0317,SoundWave Sports #317,Sports,SoundWave,84.74,2.9,29,336,0,0,0.63
P0318,WellBeing Sports #318,Sports,WellBeing,42.13,3.2,410,428,0,0,1.86
P0319,SoundWave Electronics #319,Electronics,SoundWave,230.34,4.5,153,547,0,0,2.49
P0320,PureBrand Books #320,Books,PureBrand,14.32,5.0,337,214,10,0,0.46
P0321,ClassicCo Home & Garden #321,Home & Garden,ClassicCo,39.52,3.9,493,875,50,0,0.12
P0322,FitGear Food & Grocery #322,Food & Grocery,FitGear,7.73,2.7,27,865,5,0,7.06
P0323,PlayTime Beauty #323,Beauty,PlayTime,31.0,1.9,72,932,5,0,1.2
P0324,StyleMax Sports #324,Sports,StyleMax,73.0,4.8,417,867,30,1,0.13
P0325,WellBeing Electronics #325,Electronics,WellBeing,245.37,5.0,381,249,0,0,0.19
P0326,ShineOn Jewelry #326,Jewelry,ShineOn,81.4,4.9,470,583,0,0,1.24
P0327,ShineOn Clothing #327,Clothing,ShineOn,90.34,4.1,497,556,0,0,0.59
P0328,StyleMax Home & Garden #328,Home & Garden,StyleMax,131.08,3.4,35,803,0,0,3.43
P0329,EcoLiving Software #329,Software,EcoLiving,23.5,4.2,444,364,0,1,0.59
P0330,FitGear Jewelry #330,Jewelry,FitGear,49.73,4.1,99,532,0,0,0.92
P0331,ClassicCo Health #331,Health,ClassicCo,16.95,5.0,427,218,0,0,0.54
P0332,GlowUp Clothing #332,Clothing,GlowUp,70.64,4.4,315,524,0,0,0.87
P0333,DigiTools Sports #333,Sports,DigiTools,43.44,4.5,498,2,0,0,1.06
P0334,HomeEssentials Sports #334,Sports,HomeEssentials,51.48,3.9,490,14,5,0,3.8
P0335,GlowUp Clothing #335,Clothing,GlowUp,60.84,3.2,136,293,0,0,1.35
P0336,PlayTime Sports #336,Sports,PlayTime,49.71,3.8,260,702,0,0,1.08
P0337,WellBeing Food & Grocery #337,Food & Grocery,WellBeing,8.7,1.9,480,328,0,0,2.1
P0338,WellBeing Books #338,Books,WellBeing,8.66,3.8,388,686,0,0,3.7
P0339,WellBeing Office Supplies #339,Office Supplies,WellBeing,17.78,4.0,270,654,0,0,0.26
P0340,DigiTools Office Supplies #340,Office Supplies,DigiTools,29.85,3.4,357,298,20,0,0.51
P0341,PureBrand Sports #341,Sports,PureBrand,21.48,4.1,53,643,0,0,1.23
P0342,TechPro Pet Supplies #342,Pet Supplies,TechPro,19.59,4.7,362,409,5,0,1.0
P0343,WellBeing Office Supplies #343,Office Supplies,WellBeing,7.6,3.9,432,978,0,0,0.54
P0344,PureBrand Software #344,Software,PureBrand,79.26,3.9,218,18,25,0,0.14
P0345,TechPro Toys #345,Toys,TechPro,10.87,3.5,65,663,0,0,0.75
P0346,UrbanStyle Health #346,Health,UrbanStyle,15.67,3.6,49,827,40,0,1.45
P0347,DigiTools Automotive #347,Automotive,DigiTools,121.39,5.0,88,153,0,0,4.22
P0348,UrbanStyle Electronics #348,Electronics,UrbanStyle,144.85,3.4,292,977,0,0,1.03
P0349,FreshMarket Toys #349,Toys,FreshMarket,10.08,3.3,0,589,0,0,1.01
P0350,ShineOn Toys #350,Toys,ShineOn,32.57,4.6,499,565,0,0,0.46
P0351,WellBeing Food & Grocery #351,Food & Grocery,WellBeing,12.69,3.2,188,165,0,0,1.0
P0352,WorkSmart Jewelry #352,Jewelry,WorkSmart,237.32,4.7,245,596,0,0,0.61
P0353,DigiTools Clothing #353,Clothing,DigiTools,24.38,3.1,208,153,0,0,1.76
P0354,PetLife Health #354,Health,PetLife,21.32,3.8,345,403,0,0,1.58
P0355,PureBrand Books #355,Books,PureBrand,10.33,4.5,129,927,0,0,4.11
P0356,UrbanStyle Food & Grocery #356,Food & Grocery,UrbanStyle,19.58,2.8,432,233,0,0,1.33
P0357,UrbanStyle Food & Grocery #357,Food & Grocery,UrbanStyle,4.46,4.4,410,178,40,0,1.72
P0358,PetLife Music #358,Music,PetLife,14.96,4.5,379,6,0,0,0.25
P0359,GlowUp Food & Grocery #359,Food & Grocery,GlowUp,13.52,3.6,440,477,0,0,1.4
P0360,ShineOn Office Supplies #360,Office Supplies,ShineOn,35.77,4.8,380,733,5,0,2.09
P0361,FitGear Pet Supplies #361,Pet Supplies,FitGear,16.01,3.7,147,907,0,0,1.12
P0362,ReadMore Sports #362,Sports,ReadMore,56.84,3.9,337,105,40,0,0.96
P0363,PureBrand Home & Garden #363,Home & Garden,PureBrand,43.06,4.4,259,606,0,0,0.84
P0364,GlowUp Books #364,Books,GlowUp,7.96,4.8,342,161,40,0,5.19
P0365,FitGear Health #365,Health,FitGear,32.5,1.5,470,459,0,0,0.2
P0366,WellBeing Office Supplies #366,Office Supplies,WellBeing,17.07,2.1,38,262,0,0,3.51
P0367,HomeEssentials Toys #367,Toys,HomeEssentials,31.58,2.8,90,335,0,0,1.5
P0368,ClassicCo Toys #368,Toys,ClassicCo,65.77,4.5,473,519,25,0,0.61
P0369,ClassicCo Electronics #369,Electronics,ClassicCo,244.42,4.2,109,125,0,0,1.71
P0370,PetLife Home & Garden #370,Home & Garden,PetLife,58.76,2.5,244,871,0,0,1.51
P0371,WorkSmart Electronics #371,Electronics,WorkSmart,258.06,5.0,188,858,40,0,0.37
P0372,AutoParts Books #372,Books,AutoParts,10.15,4.3,414,257,50,0,2.89
P0373,TechPro Food & Grocery #373,Food & Grocery,TechPro,17.43,3.6,120,802,40,0,1.23
P0374,FreshMarket Music #374,Music,FreshMarket,12.66,4.2,77,652,0,0,0.46
P0375,PetLife Health #375,Health,PetLife,40.25,3.6,18,918,5,0,4.68
P0376,ShineOn Automotive #376,Automotive,ShineOn,69.92,4.9,155,756,5,0,1.84
P0377,FreshMarket Jewelry #377,Jewelry,FreshMarket,76.89,5.0,449,774,50,0,1.48
P0378,DigiTools Automotive #378,Automotive,DigiTools,173.18,5.0,423,509,0,0,2.84
P0379,WorkSmart Books #379,Books,WorkSmart,9.36,4.2,26,490,0,0,1.03
P0380,AutoParts Health #380,Health,AutoParts,43.47,3.9,488,227,0,0,2.38
P0381,PetLife Jewelry #381,Jewelry,PetLife,70.8,4.8,182,193,0,1,2.24
P0382,PureBrand Sports #382,Sports,PureBrand,76.46,5.0,67,534,0,0,0.58
P0383,PureBrand Home & Garden #383,Home & Garden,PureBrand,30.26,3.6,47,881,0,1,0.86
P0384,PetLife Office Supplies #384,Office Supplies,PetLife,16.5,5.0,145,500,0,0,0.63
P0385,HomeEssentials Automotive #385,Automotive,HomeEssentials,49.24,3.4,173,204,50,0,4.05
P0386,GlowUp Health #386,Health,GlowUp,75.01,3.4,318,586,0,0,0.23
P0387,FitGear Home & Garden #387,Home & Garden,FitGear,111.57,4.3,54,468,0,1,1.43
P0388,ClassicCo Sports #388,Sports,ClassicCo,34.25,3.2,255,247,0,0,3.94
P0389,UrbanStyle Automotive #389,Automotive,UrbanStyle,43.92,2.3,55,658,0,0,0.3
P0390,GlowUp Food & Grocery #390,Food & Grocery,GlowUp,9.37,3.6,310,341,0,0,1.07
P0391,HomeEssentials Sports #391,Sports,HomeEssentials,73.11,5.0,320,848,0,0,3.37
P0392,WorkSmart Office Supplies #392,Office Supplies,WorkSmart,22.62,2.3,343,810,0,0,0.7
P0393,PureBrand Beauty #393,Beauty,PureBrand,24.26,4.5,221,843,0,0,1.16
P0394,TechPro Beauty #394,Beauty,TechPro,52.06,3.8,211,923,40,1,0.81
P0395,PlayTime Automotive #395,Automotive,PlayTime,93.82,3.4,136,364,0,0,0.39
P0396,HomeEssentials Sports #396,Sports,HomeEssentials,32.21,3.1,463,735,0,0,0.69
P0397,ShineOn Food & Grocery #397,Food & Grocery,ShineOn,4.2,3.9,477,121,0,0,0.53
P0398,ClassicCo Books #398,Books,ClassicCo,41.59,3.6,51,726,0,0,0.21
P0399,ReadMore Clothing #399,Clothing,ReadMore,38.63,4.3,485,489,0,0,4.25
P0400,FreshMarket Health #400,Health,FreshMarket,10.57,5.0,276,350,0,0,1.56
P0401,PlayTime Automotive #401,Automotive,PlayTime,92.42,4.2,306,872,0,0,0.68
P0402,HomeEssentials Toys #402,Toys,HomeEssentials,10.77,3.3,337,364,5,0,0.62
P0403,PetLife Office Supplies #403,Office Supplies,PetLife,37.76,4.1,101,289,0,0,0.66
P0404,ReadMore Pet Supplies #404,Pet Supplies,ReadMore,45.79,3.3,470,645,0,0,0.47
P0405,PureBrand Pet Supplies #405,Pet Supplies,PureBrand,22.16,3.4,465,538,0,0,0.68
P0406,PlayTime Pet Supplies #406,Pet Supplies,PlayTime,14.32,3.3,204,783,0,0,0.4
P0407,FreshMarket Jewelry #407,Jewelry,FreshMarket,114.41,4.8,183,157,0,0,2.02
P0408,SoundWave Health #408,Health,SoundWave,63.98,4.7,449,991,0,0,0.16
P0409,NovaTech Home & Garden #409,Home & Garden,NovaTech,56.88,3.9,242,743,0,0,1.22
P0410,HomeEssentials Toys #410,Toys,HomeEssentials,20.66,2.6,135,336,0,1,0.41
P0411,FitGear Health #411,Health,FitGear,24.03,3.1,368,606,0,0,2.49
P0412,PureBrand Food & Grocery #412,Food & Grocery,PureBrand,10.07,3.8,8,3,0,0,0.84
P0413,TechPro Beauty #413,Beauty,TechPro,27.69,4.7,370,739,0,0,1.43
P0414,FitGear Food & Grocery #414,Food & Grocery,FitGear,9.36,1.4,329,50,30,0,0.54
P0415,UrbanStyle Books #415,Books,UrbanStyle,9.22,4.0,229,289,0,0,3.67
P0416,NovaTech Electronics #416,Electronics,NovaTech,456.5,4.5,275,803,0,0,0.29
P0417,DigiTools Health #417,Health,DigiTools,30.97,4.4,269,676,0,0,0.51
P0418,PetLife Music #418,Music,PetLife,13.79,4.4,121,533,0,0,0.37
P0419,HomeEssentials Food & Grocery #419,Food & Grocery,HomeEssentials,13.22,4.7,486,170,5,0,0.93
P0420,HomeEssentials Office Supplies #420,Office Supplies,HomeEssentials,22.53,3.6,250,755,0,0,1.09
P0421,TechPro Music #421,Music,TechPro,17.43,4.4,247,419,0,1,0.28
P0422,FitGear Automotive #422,Automotive,FitGear,45.24,2.3,304,653,40,0,0.35
P0423,UrbanStyle Books #423,Books,UrbanStyle,14.93,3.4,353,841,0,0,0.33
P0424,PlayTime Toys #424,Toys,PlayTime,26.88,4.1,234,994,0,0,0.23
P0425,ReadMore Home & Garden #425,Home & Garden,ReadMore,70.45,3.6,106,511,0,0,0.5
P0426,FitGear Toys #426,Toys,FitGear,28.53,3.0,205,607,15,0,5.68
P0427,AutoParts Food & Grocery #427,Food & Grocery,AutoParts,13.17,3.3,309,899,50,0,1.15
P0428,WorkSmart Sports #428,Sports,WorkSmart,29.24,4.3,123,457,0,0,0.52
P0429,ClassicCo Pet Supplies #429,Pet Supplies,ClassicCo,89.05,3.9,89,817,0,0,0.76
P0430,UrbanStyle Software #430,Software,UrbanStyle,62.73,4.0,74,748,0,1,0.21
P0431,PetLife Food & Grocery #431,Food & Grocery,PetLife,17.54,4.1,183,527,0,0,0.22
P0432,PureBrand Beauty #432,Beauty,PureBrand,40.71,4.0,390,972,0,0,0.42
P0433,NovaTech Toys #433,Toys,NovaTech,23.54,5.0,224,340,0,0,0.28
P0434,StyleMax Electronics #434,Electronics,StyleMax,121.28,4.9,153,956,5,0,2.36
P0435,TechPro Automotive #435,Automotive,TechPro,71.68,4.3,335,747,0,0,6.63
P0436,HomeEssentials Sports #436,Sports,HomeEssentials,30.96,3.6,395,563,25,0,2.37
P0437,WorkSmart Food & Grocery #437,Food & Grocery,WorkSmart,5.61,4.9,40,750,0,0,0.45
P0438,AutoParts Health #438,Health,AutoParts,99.34,5.0,470,275,0,0,1.01
P0439,ReadMore Automotive #439,Automotive,ReadMore,120.07,2.8,50,519,0,1,1.67
P0440,SoundWave Office Supplies #440,Office Supplies,SoundWave,21.02,3.7,361,718,30,0,1.49
P0441,WorkSmart Pet Supplies #441,Pet Supplies,WorkSmart,25.83,3.7,26,137,0,0,4.44
P0442,HomeEssentials Clothing #442,Clothing,HomeEssentials,60.97,3.2,150,988,10,0,0.3
P0443,EcoLiving Software #443,Software,EcoLiving,46.86,3.4,190,319,0,0,1.16
P0444,DigiTools Office Supplies #444,Office Supplies,DigiTools,14.64,3.5,98,746,0,0,0.95
P0445,ClassicCo Books #445,Books,ClassicCo,29.5,4.7,100,478,15,0,0.71
P0446,PureBrand Electronics #446,Electronics,PureBrand,125.82,2.9,181,867,0,0,0.21
P0447,HomeEssentials Automotive #447,Automotive,HomeEssentials,143.85,4.2,384,943,50,0,0.23
P0448,FitGear Office Supplies #448,Office Supplies,FitGear,20.13,3.2,245,110,0,0,3.63
P0449,PlayTime Automotive #449,Automotive,PlayTime,90.2,5.0,412,773,0,0,2.35
P0450,NovaTech Electronics #450,Electronics,NovaTech,166.55,4.1,404,570,0,0,0.32
P0451,WorkSmart Books #451,Books,WorkSmart,8.38,4.6,122,777,0,1,0.16
P0452,NovaTech Health #452,Health,NovaTech,24.01,3.9,223,897,0,0,1.03
P0453,FitGear Software #453,Software,FitGear,57.64,2.7,307,204,0,0,0.92
P0454,PlayTime Office Supplies #454,Office Supplies,PlayTime,12.83,3.4,138,850,50,0,0.2
P0455,ReadMore Pet Supplies #455,Pet Supplies,ReadMore,16.14,5.0,244,155,0,1,7.81
P0456,FreshMarket Music #456,Music,FreshMarket,25.57,4.3,148,315,0,0,3.46
P0457,UrbanStyle Books #457,Books,UrbanStyle,18.2,5.0,100,972,0,0,0.34
P0458,PlayTime Toys #458,Toys,PlayTime,12.92,5.0,36,195,0,0,3.71
P0459,ClassicCo Software #459,Software,ClassicCo,89.35,3.5,318,287,5,0,1.26
P0460,FitGear Health #460,Health,FitGear,65.37,3.0,240,773,40,0,2.06
P0461,TechPro Books #461,Books,TechPro,13.06,4.7,368,655,0,0,0.43
P0462,PetLife Books #462,Books,PetLife,6.31,4.6,33,823,0,0,1.86
P0463,NovaTech Books #463,Books,NovaTech,7.37,3.8,418,753,0,0,9.22
P0464,GlowUp Beauty #464,Beauty,GlowUp,22.42,2.6,478,237,20,0,3.26
P0465,EcoLiving Electronics #465,Electronics,EcoLiving,359.8,3.6,151,522,0,0,2.09
P0466,NovaTech Clothing #466,Clothing,NovaTech,48.14,3.9,487,59,0,0,0.16
P0467,GlowUp Clothing #467,Clothing,GlowUp,24.25,4.4,77,74,0,0,2.35
P0468,HomeEssentials Software #468,Software,HomeEssentials,103.12,3.2,265,784,0,1,1.58
P0469,ShineOn Clothing #469,Clothing,ShineOn,43.66,4.6,465,335,0,1,0.44
P0470,DigiTools Jewelry #470,Jewelry,DigiTools,133.8,4.6,215,493,0,0,0.72
P0471,AutoParts Software #471,Software,AutoParts,42.43,4.5,465,931,0,0,0.92
P0472,ShineOn Sports #472,Sports,ShineOn,19.03,4.2,101,699,0,1,1.71
P0473,FitGear Jewelry #473,Jewelry,FitGear,37.11,2.1,142,557,0,0,0.24
P0474,PlayTime Health #474,Health,PlayTime,22.9,4.1,321,551,0,0,1.05
P0475,HomeEssentials Health #475,Health,HomeEssentials,40.58,3.5,28,950,0,0,4.71
P0476,WellBeing Music #476,Music,WellBeing,22.22,4.3,119,363,0,0,1.71
P0477,PetLife Beauty #477,Beauty,PetLife,75.78,2.7,354,161,25,0,0.34
P0478,UrbanStyle Sports #478,Sports,UrbanStyle,49.3,2.2,66,923,30,1,1.31
P0479,TechPro Pet Supplies #479,Pet Supplies,TechPro,23.73,4.3,182,68,0,0,1.62
P0480,EcoLiving Office Supplies #480,Office Supplies,EcoLiving,12.26,3.1,278,851,0,0,0.13
P0481,UrbanStyle Food & Grocery #481,Food & Grocery,UrbanStyle,18.91,2.1,379,659,0,0,1.36
P0482,EcoLiving Jewelry #482,Jewelry,EcoLiving,185.33,3.2,260,192,0,0,1.02
P0483,SoundWave Software #483,Software,SoundWave,36.43,3.7,35,278,0,0,0.21
P0484,DigiTools Home & Garden #484,Home & Garden,DigiTools,56.36,4.9,295,399,0,0,6.78
P0485,ShineOn Electronics #485,Electronics,ShineOn,237.57,4.0,229,571,0,0,1.36
P0486,FitGear Pet Supplies #486,Pet Supplies,FitGear,16.65,3.3,197,506,0,0,0.81
P0487,WellBeing Electronics #487,Electronics,WellBeing,82.06,3.8,166,366,0,0,0.42
P0488,GlowUp Health #488,Health,GlowUp,37.48,4.4,408,546,20,0,1.12
P0489,ShineOn Beauty #489,Beauty,ShineOn,39.88,4.2,321,249,0,0,1.52
P0490,UrbanStyle Electronics #490,Electronics,UrbanStyle,125.15,4.6,17,1,0,0,3.78
P0491,NovaTech Jewelry #491,Jewelry,NovaTech,89.06,5.0,354,88,0,1,0.89
P0492,SoundWave Music #492,Music,SoundWave,50.4,4.0,145,340,0,0,0.26
P0493,PetLife Health #493,Health,PetLife,60.63,4.6,474,552,0,0,0.92
P0494,FitGear Health #494,Health,FitGear,44.94,2.1,225,111,0,1,0.92
P0495,GlowUp Sports #495,Sports,GlowUp,38.15,3.9,173,53,0,0,5.16
P0496,ReadMore Food & Grocery #496,Food & Grocery,ReadMore,16.42,2.7,61,767,50,0,1.34
P0497,DigiTools Clothing #497,Clothing,DigiTools,19.79,3.3,64,718,0,1,1.47
P0498,AutoParts Electronics #498,Electronics,AutoParts,189.77,3.6,370,486,0,0,0.58
P0499,PlayTime Office Supplies #499,Office Supplies,PlayTime,15.36,3.8,480,262,0,0,1.42
P0500,PetLife Sports #500,Sports,PetLife,72.6,3.5,198,624,0,0,0.43
P0501,ClassicCo Office Supplies #501,Office Supplies,ClassicCo,6.71,3.5,285,141,15,0,1.18
P0502,FreshMarket Office Supplies #502,Office Supplies,FreshMarket,70.02,4.5,477,10,0,0,2.21
P0503,WorkSmart Electronics #503,Electronics,WorkSmart,160.02,4.1,466,830,40,0,0.99
P0504,FreshMarket Software #504,Software,FreshMarket,111.84,3.9,344,764,0,0,3.01
P0505,GlowUp Jewelry #505,Jewelry,GlowUp,129.19,4.0,415,901,20,0,4.02
P0506,AutoParts Electronics #506,Electronics,AutoParts,234.75,3.8,258,827,50,0,3.11
P0507,StyleMax Pet Supplies #507,Pet Supplies,StyleMax,28.12,4.6,245,126,5,0,1.06
P0508,StyleMax Home & Garden #508,Home & Garden,StyleMax,62.24,3.9,219,57,0,0,0.39
P0509,PlayTime Food & Grocery #509,Food & Grocery,PlayTime,9.41,5.0,44,951,50,0,0.37
P0510,EcoLiving Food & Grocery #510,Food & Grocery,EcoLiving,14.8,4.2,303,883,0,0,1.72
P0511,WellBeing Home & Garden #511,Home & Garden,WellBeing,54.19,4.6,149,469,15,0,1.31
P0512,AutoParts Food & Grocery #512,Food & Grocery,AutoParts,15.76,3.5,358,565,0,0,0.94
P0513,StyleMax Food & Grocery #513,Food & Grocery,StyleMax,14.73,4.2,349,119,0,0,0.59
P0514,StyleMax Sports #514,Sports,StyleMax,40.9,4.6,161,217,5,0,1.01
P0515,PureBrand Automotive #515,Automotive,PureBrand,62.15,4.2,367,369,50,0,0.25
P0516,WellBeing Books #516,Books,WellBeing,17.14,3.5,86,233,50,0,0.53
P0517,ShineOn Music #517,Music,ShineOn,22.21,4.7,125,549,0,0,0.82
P0518,PlayTime Jewelry #518,Jewelry,PlayTime,70.27,5.0,341,386,0,0,2.02
P0519,EcoLiving Books #519,Books,EcoLiving,9.06,2.6,320,262,0,0,2.65
P0520,EcoLiving Toys #520,Toys,EcoLiving,28.38,3.4,438,235,0,0,0.14
P0521,StyleMax Pet Supplies #521,Pet Supplies,StyleMax,29.83,3.8,51,780,0,0,0.2
P0522,WellBeing Toys #522,Toys,WellBeing,26.49,3.5,351,645,0,0,2.04
P0523,WorkSmart Food & Grocery #523,Food & Grocery,WorkSmart,11.45,3.8,106,117,0,0,1.11
P0524,UrbanStyle Pet Supplies #524,Pet Supplies,UrbanStyle,37.18,3.0,171,757,0,0,1.87
P0525,FreshMarket Electronics #525,Electronics,FreshMarket,122.97,4.7,61,884,0,0,0.54
P0526,FitGear Food & Grocery #526,Food & Grocery,FitGear,7.89,3.8,156,254,0,0,0.57
P0527,SoundWave Jewelry #527,Jewelry,SoundWave,67.58,4.2,101,417,0,0,0.48
P0528,PlayTime Office Supplies #528,Office Supplies,PlayTime,18.87,3.6,260,109,0,0,0.07
P0529,AutoParts Office Supplies #529,Office Supplies,AutoParts,14.56,3.2,82,976,0,0,0.33
P0530,FitGear Health #530,Health,FitGear,25.75,3.3,289,721,0,0,0.34
P0531,GlowUp Electronics #531,Electronics,GlowUp,314.68,5.0,359,447,15,0,0.4
P0532,NovaTech Jewelry #532,Jewelry,NovaTech,86.36,3.2,199,86,0,0,0.38
P0533,DigiTools Health #533,Health,DigiTools,52.27,3.7,457,16,0,0,0.4
P0534,PlayTime Food & Grocery #534,Food & Grocery,PlayTime,12.03,2.4,64,456,10,0,0.79
P0535,SoundWave Office Supplies #535,Office Supplies,SoundWave,14.01,4.2,483,390,30,0,1.73
P0536,WellBeing Jewelry #536,Jewelry,WellBeing,156.56,4.7,299,430,10,0,0.06
P0537,WorkSmart Toys #537,Toys,WorkSmart,20.43,2.4,195,394,30,0,0.39
P0538,ReadMore Music #538,Music,ReadMore,21.32,3.2,14,951,50,0,0.41
P0539,ClassicCo Clothing #539,Clothing,ClassicCo,64.98,3.4,429,358,0,0,0.22
P0540,TechPro Books #540,Books,TechPro,13.65,3.5,471,411,25,0,3.03
P0541,HomeEssentials Music #541,Music,HomeEssentials,15.86,4.2,45,752,30,0,0.33
P0542,AutoParts Pet Supplies #542,Pet Supplies,AutoParts,16.89,3.8,132,349,0,0,1.51
P0543,WellBeing Music #543,Music,WellBeing,18.96,3.8,284,585,0,0,0.45
P0544,PetLife Home & Garden #544,Home & Garden,PetLife,40.89,2.7,167,731,0,0,3.54
P0545,UrbanStyle Software #545,Software,UrbanStyle,43.51,3.8,302,905,20,0,0.43
P0546,PureBrand Sports #546,Sports,PureBrand,41.75,4.6,294,31,0,0,0.4
P0547,DigiTools Automotive #547,Automotive,DigiTools,60.14,4.1,205,625,0,0,0.83
P0548,PureBrand Clothing #548,Clothing,PureBrand,51.28,2.4,364,530,0,0,4.47
P0549,WellBeing Electronics #549,Electronics,WellBeing,353.24,5.0,11,584,10,0,1.63
P0550,ClassicCo Beauty #550,Beauty,ClassicCo,44.18,4.9,315,983,0,0,0.51
P0551,StyleMax Automotive #551,Automotive,StyleMax,30.22,4.3,165,271,0,0,1.19
P0552,PetLife Sports #552,Sports,PetLife,50.92,4.7,110,820,30,0,0.56
P0553,TechPro Jewelry #553,Jewelry,TechPro,272.31,4.4,2,661,0,0,4.39
P0554,EcoLiving Books #554,Books,EcoLiving,15.67,4.3,14,416,0,0,2.17
P0555,SoundWave Software #555,Software,SoundWave,42.29,3.3,404,701,5,0,0.96
P0556,WorkSmart Pet Supplies #556,Pet Supplies,WorkSmart,47.28,4.4,420,781,0,0,1.2
P0557,WorkSmart Office Supplies #557,Office Supplies,WorkSmart,19.71,2.0,499,44,0,0,0.53
P0558,PureBrand Beauty #558,Beauty,PureBrand,53.77,3.9,437,552,50,0,1.0
P0559,WorkSmart Beauty #559,Beauty,WorkSmart,27.54,4.5,103,51,0,0,1.78
P0560,PureBrand Clothing #560,Clothing,PureBrand,55.3,5.0,103,29,15,1,2.42
P0561,FreshMarket Toys #561,Toys,FreshMarket,18.16,4.1,385,209,0,0,0.65
P0562,NovaTech Home & Garden #562,Home & Garden,NovaTech,98.63,5.0,237,200,0,0,0.12
P0563,ReadMore Office Supplies #563,Office Supplies,ReadMore,19.48,3.8,445,583,0,0,2.0
P0564,HomeEssentials Clothing #564,Clothing,HomeEssentials,47.95,4.3,21,828,0,0,0.53
P0565,PetLife Jewelry #565,Jewelry,PetLife,143.41,4.6,144,635,0,0,2.32
P0566,NovaTech Electronics #566,Electronics,NovaTech,251.42,2.1,101,843,20,0,0.22
P0567,FreshMarket Software #567,Software,FreshMarket,45.86,4.4,324,356,0,0,1.38
P0568,FreshMarket Software #568,Software,FreshMarket,24.94,3.9,367,904,0,0,0.81
P0569,StyleMax Books #569,Books,StyleMax,14.18,4.0,124,244,0,0,0.64
P0570,PetLife Jewelry #570,Jewelry,PetLife,75.19,4.7,414,738,0,0,4.27
P0571,NovaTech Books #571,Books,NovaTech,15.11,3.4,33,164,0,0,0.48
P0572,PlayTime Food & Grocery #572,Food & Grocery,PlayTime,10.79,3.8,4,580,30,0,3.89
P0573,AutoParts Jewelry #573,Jewelry,AutoParts,168.25,4.1,288,301,0,0,8.78
P0574,PlayTime Books #574,Books,PlayTime,19.59,4.1,475,614,0,0,0.28
P0575,FitGear Toys #575,Toys,FitGear,20.99,2.1,145,453,0,0,0.4
P0576,ReadMore Beauty #576,Beauty,ReadMore,42.41,4.3,293,111,0,0,0.85
P0577,DigiTools Sports #577,Sports,DigiTools,102.61,4.6,431,599,0,0,0.8
P0578,WellBeing Toys #578,Toys,WellBeing,18.17,2.8,50,744,0,0,3.02
P0579,UrbanStyle Clothing #579,Clothing,UrbanStyle,40.12,3.2,479,870,20,0,3.01
P0580,FitGear Food & Grocery #580,Food & Grocery,FitGear,8.55,4.7,310,911,20,0,0.61
P0581,GlowUp Home & Garden #581,Home & Garden,GlowUp,72.03,3.2,88,634,0,0,0.46
P0582,SoundWave Sports #582,Sports,SoundWave,141.74,5.0,254,643,0,0,0.72
P0583,NovaTech Sports #583,Sports,NovaTech,90.3,3.3,75,546,0,0,1.24
P0584,HomeEssentials Food & Grocery #584,Food & Grocery,HomeEssentials,10.23,4.6,15,933,25,0,0.32
P0585,PetLife Electronics #585,Electronics,PetLife,275.42,3.2,100,345,0,0,0.28
P0586,HomeEssentials Electronics #586,Electronics,HomeEssentials,370.45,4.7,431,498,0,0,0.47
P0587,GlowUp Software #587,Software,GlowUp,22.16,4.0,232,431,0,0,0.63
P0588,TechPro Software #588,Software,TechPro,30.36,4.0,171,329,0,0,0.69
P0589,DigiTools Office Supplies #589,Office Supplies,DigiTools,31.86,3.0,159,644,0,0,0.13
P0590,SoundWave Clothing #590,Clothing,SoundWave,21.55,3.8,463,59,0,0,0.65
P0591,ShineOn Jewelry #591,Jewelry,ShineOn,93.29,3.4,320,637,0,1,0.27
P0592,NovaTech Jewelry #592,Jewelry,NovaTech,129.37,3.3,488,836,0,0,1.07
P0593,NovaTech Toys #593,Toys,NovaTech,29.36,4.9,232,211,0,0,0.28
P0594,WellBeing Clothing #594,Clothing,WellBeing,42.93,5.0,372,239,50,0,1.38
P0595,ClassicCo Software #595,Software,ClassicCo,99.46,3.4,10,809,0,0,0.84
P0596,StyleMax Music #596,Music,StyleMax,27.32,4.1,340,295,30,0,4.14
P0597,ShineOn Toys #597,Toys,ShineOn,75.32,4.8,374,829,0,0,1.33
P0598,EcoLiving Toys #598,Toys,EcoLiving,14.28,3.3,439,627,0,0,0.82
P0599,ShineOn Beauty #599,Beauty,ShineOn,23.06,3.1,176,981,0,0,0.95
P0600,FreshMarket Office Supplies #600,Office Supplies,FreshMarket,19.35,3.8,279,477,10,0,1.05
P0601,FitGear Health #601,Health,FitGear,67.1,4.0,331,894,50,0,0.55
P0602,TechPro Food & Grocery #602,Food & Grocery,TechPro,17.39,1.8,367,922,0,0,0.77
P0603,DigiTools Office Supplies #603,Office Supplies,DigiTools,16.33,4.0,420,101,15,0,0.6
P0604,TechPro Office Supplies #604,Office Supplies,TechPro,12.26,4.4,171,216,0,0,0.7
P0605,UrbanStyle Sports #605,Sports,UrbanStyle,29.01,4.2,54,434,50,0,0.63
P0606,NovaTech Automotive #606,Automotive,NovaTech,191.29,3.8,480,272,50,0,0.69
P0607,PureBrand Electronics #607,Electronics,PureBrand,197.64,2.8,297,57,40,0,0.95
P0608,GlowUp Beauty #608,Beauty,GlowUp,33.14,4.2,82,971,0,0,1.73
P0609,FitGear Clothing #609,Clothing,FitGear,27.37,3.2,466,768,0,0,2.49
P0610,DigiTools Sports #610,Sports,DigiTools,50.79,3.7,492,350,0,0,0.53
P0611,PetLife Books #611,Books,PetLife,9.77,3.8,67,872,0,0,0.24
P0612,FitGear Electronics #612,Electronics,FitGear,213.61,4.6,459,932,0,1,2.18
P0613,PureBrand Clothing #613,Clothing,PureBrand,38.11,4.6,303,489,0,0,8.62
P0614,AutoParts Jewelry #614,Jewelry,AutoParts,62.97,4.2,88,133,5,0,1.68
P0615,DigiTools Food & Grocery #615,Food & Grocery,DigiTools,21.84,3.8,108,185,50,0,0.71
P0616,GlowUp Health #616,Health,GlowUp,66.36,4.6,98,826,5,0,1.24
P0617,PlayTime Beauty #617,Beauty,PlayTime,38.44,3.1,213,459,0,0,1.16
P0618,PureBrand Electronics #618,Electronics,PureBrand,81.51,3.5,401,508,0,0,0.96
P0619,TechPro Health #619,Health,TechPro,20.64,5.0,365,131,25,0,0.4
P0620,WorkSmart Toys #620,Toys,WorkSmart,15.05,5.0,219,33,0,0,2.67
P0621,PureBrand Food & Grocery #621,Food & Grocery,PureBrand,30.73,2.4,420,90,0,1,0.45
P0622,PureBrand Clothing #622,Clothing,PureBrand,76.44,3.6,483,702,0,0,2.6
P0623,ShineOn Books #623,Books,ShineOn,29.59,4.5,462,122,0,0,1.71
P0624,StyleMax Office Supplies #624,Office Supplies,StyleMax,13.76,4.1,117,840,0,1,4.1
P0625,UrbanStyle Toys #625,Toys,UrbanStyle,11.61,3.7,401,101,0,0,2.04
P0626,FitGear Automotive #626,Automotive,FitGear,133.0,3.0,87,182,0,0,0.1
P0627,StyleMax Health #627,Health,StyleMax,11.26,3.4,434,892,25,0,0.24
P0628,ShineOn Food & Grocery #628,Food & Grocery,ShineOn,12.5,3.1,149,531,0,0,1.06
P0629,PetLife Food & Grocery #629,Food & Grocery,PetLife,16.23,4.9,45,30,0,1,5.31
P0630,GlowUp Food & Grocery #630,Food & Grocery,GlowUp,6.85,3.2,1,193,0,0,0.67
P0631,NovaTech Toys #631,Toys,NovaTech,53.18,4.1,350,282,0,0,0.25
P0632,ShineOn Automotive #632,Automotive,ShineOn,69.38,4.3,129,268,0,0,2.2
P0633,ShineOn Beauty #633,Beauty,ShineOn,35.32,3.7,348,205,0,0,5.09
P0634,ReadMore Toys #634,Toys,ReadMore,32.63,3.8,172,346,0,0,0.45
P0635,FreshMarket Health #635,Health,FreshMarket,38.48,2.8,43,445,0,0,0.58
P0636,PetLife Music #636,Music,PetLife,13.59,3.5,186,88,10,0,5.1
P0637,GlowUp Health #637,Health,GlowUp,23.33,3.5,168,255,0,0,0.28
P0638,PetLife Office Supplies #638,Office Supplies,PetLife,24.2,3.3,214,983,0,0,0.34
P0639,StyleMax Automotive #639,Automotive,StyleMax,109.48,5.0,176,250,0,0,0.34
P0640,SoundWave Clothing #640,Clothing,SoundWave,73.38,5.0,193,160,0,0,1.18
P0641,TechPro Office Supplies #641,Office Supplies,TechPro,18.57,4.6,323,892,0,0,0.75
P0642,EcoLiving Automotive #642,Automotive,EcoLiving,83.25,5.0,197,81,0,0,0.54
P0643,PlayTime Beauty #643,Beauty,PlayTime,19.3,3.3,271,661,30,0,2.39
P0644,NovaTech Health #644,Health,NovaTech,58.36,3.8,117,61,0,0,2.26
P0645,PetLife Pet Supplies #645,Pet Supplies,PetLife,16.37,3.1,468,296,20,0,4.23
P0646,FreshMarket Software #646,Software,FreshMarket,67.14,4.1,481,679,0,1,1.05
P0647,ClassicCo Music #647,Music,ClassicCo,29.88,3.1,71,321,0,0,2.15
P0648,ShineOn Toys #648,Toys,ShineOn,41.16,3.0,425,620,0,0,0.32
P0649,PureBrand Clothing #649,Clothing,PureBrand,22.78,1.6,296,369,0,0,2.05
P0650,HomeEssentials Home & Garden #650,Home & Garden,HomeEssentials,27.72,4.2,402,343,0,0,2.15
P0651,StyleMax Music #651,Music,StyleMax,11.37,4.7,66,395,0,1,0.45
P0652,PureBrand Sports #652,Sports,PureBrand,29.46,4.7,346,49,0,0,1.82
P0653,GlowUp Books #653,Books,GlowUp,43.12,4.4,429,187,0,0,1.27
P0654,DigiTools Office Supplies #654,Office Supplies,DigiTools,24.07,4.5,176,600,0,0,1.58
P0655,TechPro Home & Garden #655,Home & Garden,TechPro,31.87,3.6,190,349,0,0,2.57
P0656,HomeEssentials Clothing #656,Clothing,HomeEssentials,27.36,2.5,488,968,0,0,1.19
P0657,PlayTime Health #657,Health,PlayTime,76.55,3.1,139,874,0,0,3.18
P0658,UrbanStyle Clothing #658,Clothing,UrbanStyle,85.97,3.8,402,738,0,0,0.33
P0659,SoundWave Toys #659,Toys,SoundWave,12.89,2.1,141,719,10,0,0.42
P0660,StyleMax Automotive #660,Automotive,StyleMax,117.86,4.5,241,798,0,0,0.85
P0661,WorkSmart Software #661,Software,WorkSmart,42.72,4.1,59,38,0,0,0.46
P0662,PlayTime Sports #662,Sports,PlayTime,45.16,4.2,448,205,0,0,1.29
P0663,UrbanStyle Toys #663,Toys,UrbanStyle,12.7,4.5,104,809,0,0,0.71
P0664,StyleMax Food & Grocery #664,Food & Grocery,StyleMax,9.85,2.4,350,920,0,0,0.74
P0665,StyleMax Automotive #665,Automotive,StyleMax,47.66,3.2,192,406,0,0,0.72
P0666,PlayTime Books #666,Books,PlayTime,28.24,2.9,80,534,0,0,1.27
P0667,ShineOn Home & Garden #667,Home & Garden,ShineOn,36.97,3.3,17,724,25,0,0.99
P0668,EcoLiving Health #668,Health,EcoLiving,62.47,3.4,67,444,50,0,1.44
P0669,PureBrand Toys #669,Toys,PureBrand,20.59,2.1,253,393,0,0,0.68
P0670,UrbanStyle Food & Grocery #670,Food & Grocery,UrbanStyle,4.59,4.4,93,993,30,0,0.16
P0671,ReadMore Health #671,Health,ReadMore,25.15,4.9,92,775,0,0,2.09
P0672,FreshMarket Toys #672,Toys,FreshMarket,13.23,3.2,476,932,30,0,0.46
P0673,PureBrand Clothing #673,Clothing,PureBrand,55.87,3.5,275,663,10,0,1.32
P0674,PetLife Beauty #674,Beauty,PetLife,16.25,4.5,33,85,15,0,1.0
P0675,EcoLiving Office Supplies #675,Office Supplies,EcoLiving,15.5,3.7,68,672,0,0,9.12
P0676,DigiTools Automotive #676,Automotive,DigiTools,91.03,4.4,262,375,5,0,0.07
P0677,PlayTime Software #677,Software,PlayTime,26.52,3.0,128,881,0,0,0.52
P0678,AutoParts Sports #678,Sports,AutoParts,96.75,4.5,109,918,0,0,1.45
P0679,WorkSmart Sports #679,Sports,WorkSmart,53.42,4.3,395,825,10,0,0.2
P0680,NovaTech Pet Supplies #680,Pet Supplies,NovaTech,25.2,3.4,233,541,0,0,0.95
P0681,HomeEssentials Automotive #681,Automotive,HomeEssentials,36.33,3.8,497,492,0,0,0.19
P0682,ReadMore Home & Garden #682,Home & Garden,ReadMore,44.6,2.1,336,307,5,1,0.99
P0683,SoundWave Automotive #683,Automotive,SoundWave,67.14,3.8,174,661,0,0,1.03
P0684,ShineOn Jewelry #684,Jewelry,ShineOn,46.84,3.8,404,618,0,0,2.03
P0685,PetLife Jewelry #685,Jewelry,PetLife,133.18,3.7,236,378,0,0,1.31
P0686,WellBeing Office Supplies #686,Office Supplies,WellBeing,19.5,3.1,371,958,0,0,0.38
P0687,ReadMore Home & Garden #687,Home & Garden,ReadMore,37.29,4.9,220,659,10,0,1.05
P0688,FitGear Food & Grocery #688,Food & Grocery,FitGear,9.67,4.8,0,277,0,0,1.37
P0689,WellBeing Health #689,Health,WellBeing,34.07,3.8,179,266,0,0,0.4
P0690,StyleMax Pet Supplies #690,Pet Supplies,StyleMax,64.65,4.3,105,144,0,0,2.63
P0691,PureBrand Office Supplies #691,Office Supplies,PureBrand,23.3,2.3,129,572,0,0,1.75
P0692,PureBrand Home & Garden #692,Home & Garden,PureBrand,38.15,2.9,195,426,0,0,0.2
P0693,PureBrand Office Supplies #693,Office Supplies,PureBrand,13.66,3.4,321,814,5,0,1.02
P0694,SoundWave Clothing #694,Clothing,SoundWave,34.98,3.0,411,94,0,0,0.35
P0695,EcoLiving Automotive #695,Automotive,EcoLiving,101.58,4.8,117,504,0,0,0.14
P0696,FitGear Pet Supplies #696,Pet Supplies,FitGear,28.96,3.3,296,98,0,0,0.56
P0697,HomeEssentials Pet Supplies #697,Pet Supplies,HomeEssentials,30.12,2.8,224,682,0,1,0.68
P0698,SoundWave Food & Grocery #698,Food & Grocery,SoundWave,10.86,5.0,29,565,0,0,8.33
P0699,FreshMarket Health #699,Health,FreshMarket,15.27,5.0,197,287,0,0,0.58
P0700,NovaTech Clothing #700,Clothing,NovaTech,56.02,4.6,359,991,0,1,1.03
P0701,ShineOn Electronics #701,Electronics,ShineOn,128.89,2.4,373,819,0,0,1.34
P0702,FitGear Home & Garden #702,Home & Garden,FitGear,74.59,5.0,384,195,0,0,0.69
P0703,ReadMore Food & Grocery #703,Food & Grocery,ReadMore,6.15,5.0,408,472,0,0,1.3
P0704,FitGear Music #704,Music,FitGear,16.97,2.4,261,688,0,1,0.48
P0705,ClassicCo Health #705,Health,ClassicCo,48.08,2.0,10,396,20,0,0.33
P0706,ClassicCo Food & Grocery #706,Food & Grocery,ClassicCo,30.78,3.4,184,466,0,0,0.55
P0707,SoundWave Electronics #707,Electronics,SoundWave,145.48,4.3,283,30,0,1,0.27
P0708,ShineOn Books #708,Books,ShineOn,29.54,4.9,130,484,0,0,1.79
P0709,GlowUp Sports #709,Sports,GlowUp,79.89,2.5,57,99,0,1,0.91
P0710,GlowUp Clothing #710,Clothing,GlowUp,35.89,5.0,184,840,0,0,0.6
P0711,ClassicCo Clothing #711,Clothing,ClassicCo,43.25,2.5,44,124,0,0,1.74
P0712,AutoParts Food & Grocery #712,Food & Grocery,AutoParts,8.74,4.5,402,63,0,0,0.53
P0713,SoundWave Sports #713,Sports,SoundWave,33.26,3.8,169,485,0,0,0.05
P0714,PureBrand Beauty #714,Beauty,PureBrand,13.9,4.8,298,401,0,1,0.57
P0715,UrbanStyle Pet Supplies #715,Pet Supplies,UrbanStyle,14.6,4.1,35,77,0,0,2.06
P0716,SoundWave Sports #716,Sports,SoundWave,13.49,3.7,235,580,0,0,2.63
P0717,ShineOn Pet Supplies #717,Pet Supplies,ShineOn,25.72,4.3,464,620,10,0,0.28
P0718,DigiTools Music #718,Music,DigiTools,36.95,3.2,125,597,0,0,0.53
P0719,PureBrand Health #719,Health,PureBrand,38.26,3.7,346,156,0,1,1.99
P0720,SoundWave Health #720,Health,SoundWave,34.76,2.7,177,32,40,1,0.22
P0721,ClassicCo Home & Garden #721,Home & Garden,ClassicCo,42.91,4.4,322,622,50,0,0.7
P0722,NovaTech Electronics #722,Electronics,NovaTech,503.13,4.9,491,963,0,0,1.31
P0723,NovaTech Health #723,Health,NovaTech,57.31,4.4,84,512,0,0,3.9
P0724,SoundWave Office Supplies #724,Office Supplies,SoundWave,10.32,4.0,62,744,30,0,0.6
P0725,NovaTech Health #725,Health,NovaTech,97.12,3.8,425,284,30,0,0.23
P0726,AutoParts Automotive #726,Automotive,AutoParts,168.0,5.0,254,80,0,0,0.44
P0727,ShineOn Electronics #727,Electronics,ShineOn,115.78,4.0,130,464,0,1,10.48
P0728,DigiTools Office Supplies #728,Office Supplies,DigiTools,29.01,2.5,288,64,0,0,1.31
P0729,ClassicCo Office Supplies #729,Office Supplies,ClassicCo,17.88,4.3,131,460,0,0,3.24
P0730,ReadMore Automotive #730,Automotive,ReadMore,29.33,3.8,223,328,0,0,0.95
P0731,FreshMarket Food & Grocery #731,Food & Grocery,FreshMarket,7.46,5.0,445,132,0,1,0.43
P0732,EcoLiving Food & Grocery #732,Food & Grocery,EcoLiving,17.24,3.8,178,925,0,0,0.33
P0733,StyleMax Automotive #733,Automotive,StyleMax,107.92,2.9,312,463,0,0,0.6
P0734,WorkSmart Automotive #734,Automotive,WorkSmart,312.37,5.0,460,643,0,0,1.97
P0735,AutoParts Health #735,Health,AutoParts,37.65,4.0,333,641,0,0,0.26
P0736,WorkSmart Sports #736,Sports,WorkSmart,19.87,3.3,199,883,0,0,1.97
P0737,HomeEssentials Electronics #737,Electronics,HomeEssentials,120.15,5.0,486,693,20,0,0.3
P0738,ShineOn Food & Grocery #738,Food & Grocery,ShineOn,9.4,3.8,222,279,15,0,0.71
P0739,FitGear Books #739,Books,FitGear,12.66,3.4,199,892,50,0,0.9
P0740,HomeEssentials Home & Garden #740,Home & Garden,HomeEssentials,49.7,4.6,314,829,0,0,1.75
P0741,PetLife Jewelry #741,Jewelry,PetLife,103.11,4.8,137,722,0,1,0.71
P0742,StyleMax Office Supplies #742,Office Supplies,StyleMax,41.18,4.5,244,154,0,0,1.61
P0743,GlowUp Food & Grocery #743,Food & Grocery,GlowUp,14.23,4.9,133,533,5,0,0.7
P0744,ClassicCo Sports #744,Sports,ClassicCo,18.55,2.3,30,980,10,0,1.41
P0745,TechPro Jewelry #745,Jewelry,TechPro,105.02,4.7,99,299,0,1,0.93
P0746,StyleMax Jewelry #746,Jewelry,StyleMax,35.46,3.9,343,897,0,0,1.16
P0747,GlowUp Books #747,Books,GlowUp,10.47,3.9,418,466,0,1,1.14
P0748,FitGear Food & Grocery #748,Food & Grocery,FitGear,27.8,3.4,100,522,0,0,0.86
P0749,PetLife Software #749,Software,PetLife,17.46,3.5,144,975,0,0,3.06
P0750,FitGear Office Supplies #750,Office Supplies,FitGear,51.38,3.8,77,288,0,0,1.73
P0751,AutoParts Toys #751,Toys,AutoParts,31.32,3.9,58,944,0,0,1.13
P0752,StyleMax Pet Supplies #752,Pet Supplies,StyleMax,28.37,2.0,96,810,0,0,0.55
P0753,PlayTime Food & Grocery #753,Food & Grocery,PlayTime,5.87,4.4,387,737,0,0,10.71
P0754,GlowUp Electronics #754,Electronics,GlowUp,199.82,4.8,380,48,0,0,4.45
P0755,DigiTools Sports #755,Sports,DigiTools,37.35,4.2,481,33,0,0,0.35
P0756,HomeEssentials Jewelry #756,Jewelry,HomeEssentials,55.83,4.5,10,332,0,0,1.75
P0757,GlowUp Pet Supplies #757,Pet Supplies,GlowUp,22.45,4.6,383,64,0,0,3.33
P0758,EcoLiving Jewelry #758,Jewelry,EcoLiving,279.58,4.2,292,337,0,0,1.57
P0759,DigiTools Health #759,Health,DigiTools,49.62,5.0,166,975,10,0,0.95
P0760,PlayTime Beauty #760,Beauty,PlayTime,25.7,3.8,83,790,0,0,0.52
P0761,FitGear Jewelry #761,Jewelry,FitGear,103.76,4.8,86,810,50,1,1.54
P0762,NovaTech Toys #762,Toys,NovaTech,19.29,3.1,254,594,0,0,0.39
P0763,StyleMax Toys #763,Toys,StyleMax,34.05,3.7,393,488,0,1,0.66
P0764,ClassicCo Pet Supplies #764,Pet Supplies,ClassicCo,12.94,4.7,66,396,0,0,0.57
P0765,FreshMarket Jewelry #765,Jewelry,FreshMarket,132.15,3.9,331,400,0,0,1.61
P0766,GlowUp Pet Supplies #766,Pet Supplies,GlowUp,11.14,3.4,79,413,0,0,3.76
P0767,ClassicCo Toys #767,Toys,ClassicCo,20.74,4.1,98,182,0,0,0.59
P0768,NovaTech Health #768,Health,NovaTech,58.34,4.0,13,48,50,0,0.66
P0769,DigiTools Sports #769,Sports,DigiTools,118.74,3.3,473,518,0,0,3.5
P0770,StyleMax Beauty #770,Beauty,StyleMax,9.33,3.5,152,519,50,1,0.56
P0771,DigiTools Software #771,Software,DigiTools,26.47,4.0,296,650,0,0,0.06
P0772,ClassicCo Software #772,Software,ClassicCo,48.35,1.9,75,187,0,1,6.15
P0773,StyleMax Sports #773,Sports,StyleMax,68.97,4.0,295,128,0,0,2.63
P0774,NovaTech Sports #774,Sports,NovaTech,35.47,3.1,349,951,0,0,2.15
P0775,ReadMore Home & Garden #775,Home & Garden,ReadMore,57.03,3.8,198,473,15,0,1.4
P0776,WellBeing Beauty #776,Beauty,WellBeing,29.44,2.8,289,277,0,0,0.89
P0777,SoundWave Office Supplies #777,Office Supplies,SoundWave,18.65,3.5,102,355,0,0,0.15
P0778,PlayTime Jewelry #778,Jewelry,PlayTime,86.19,5.0,220,57,0,0,0.77
P0779,SoundWave Pet Supplies #779,Pet Supplies,SoundWave,24.78,3.0,291,888,20,0,0.76
P0780,FreshMarket Automotive #780,Automotive,FreshMarket,178.37,3.5,43,802,0,0,0.84
P0781,WorkSmart Home & Garden #781,Home & Garden,WorkSmart,53.46,3.7,210,711,25,1,1.71
P0782,StyleMax Home & Garden #782,Home & Garden,StyleMax,111.88,2.3,191,793,40,0,4.34
P0783,NovaTech Jewelry #783,Jewelry,NovaTech,87.15,2.6,81,903,0,0,0.89
P0784,FitGear Pet Supplies #784,Pet Supplies,FitGear,17.44,4.2,45,648,0,0,0.78
P0785,PureBrand Software #785,Software,PureBrand,43.44,3.3,9,357,0,0,4.32
P0786,GlowUp Sports #786,Sports,GlowUp,21.0,5.0,181,95,0,0,0.43
P0787,ReadMore Food & Grocery #787,Food & Grocery,ReadMore,6.91,3.0,442,162,15,0,0.93
P0788,FreshMarket Health #788,Health,FreshMarket,24.12,5.0,359,444,0,0,0.99
P0789,FitGear Software #789,Software,FitGear,53.16,2.6,465,830,50,0,0.43
P0790,EcoLiving Electronics #790,Electronics,EcoLiving,452.95,3.9,255,337,0,1,0.68
P0791,PureBrand Home & Garden #791,Home & Garden,PureBrand,50.01,3.3,50,423,0,0,0.69
P0792,ShineOn Music #792,Music,ShineOn,10.66,4.4,247,946,0,0,2.08
P0793,UrbanStyle Office Supplies #793,Office Supplies,UrbanStyle,30.41,3.3,146,573,5,0,0.72
P0794,ClassicCo Sports #794,Sports,ClassicCo,54.8,3.6,309,886,10,0,0.74
P0795,FitGear Music #795,Music,FitGear,32.14,3.7,362,721,0,0,1.54
P0796,PureBrand Sports #796,Sports,PureBrand,81.28,5.0,472,517,0,0,0.59
P0797,ClassicCo Toys #797,Toys,ClassicCo,33.13,4.9,323,621,0,0,0.39
P0798,NovaTech Music #798,Music,NovaTech,21.5,3.4,300,729,0,0,13.64
P0799,ShineOn Jewelry #799,Jewelry,ShineOn,146.47,3.2,198,802,0,0,0.91
P0800,NovaTech Jewelry #800,Jewelry,NovaTech,141.31,3.3,97,703,0,0,1.21
P0801,PetLife Automotive #801,Automotive,PetLife,128.43,3.1,161,176,5,0,0.74
P0802,DigiTools Pet Supplies #802,Pet Supplies,DigiTools,39.72,4.6,288,248,0,0,0.21
P0803,DigiTools Books #803,Books,DigiTools,14.49,3.2,493,87,0,0,0.57
P0804,ClassicCo Books #804,Books,ClassicCo,10.01,4.8,301,286,0,0,0.32
P0805,FitGear Music #805,Music,FitGear,18.25,4.7,55,337,0,0,1.66
P0806,TechPro Pet Supplies #806,Pet Supplies,TechPro,20.43,3.7,57,126,25,0,1.46
P0807,WorkSmart Beauty #807,Beauty,WorkSmart,18.88,2.6,410,526,0,0,1.72
P0808,UrbanStyle Home & Garden #808,Home & Garden,UrbanStyle,133.37,4.6,420,935,0,0,0.36
P0809,WorkSmart Electronics #809,Electronics,WorkSmart,198.87,3.0,192,755,0,0,0.13
P0810,FreshMarket Office Supplies #810,Office Supplies,FreshMarket,11.83,3.8,149,864,25,0,0.1
P0811,FreshMarket Books #811,Books,FreshMarket,29.3,5.0,6,790,0,0,1.43
P0812,ShineOn Office Supplies #812,Office Supplies,ShineOn,21.18,1.9,401,865,0,0,0.65
P0813,StyleMax Pet Supplies #813,Pet Supplies,StyleMax,41.11,3.6,399,568,0,0,0.27
P0814,UrbanStyle Toys #814,Toys,UrbanStyle,20.79,3.3,324,482,0,0,1.66
P0815,WorkSmart Health #815,Health,WorkSmart,47.12,3.4,487,773,0,0,2.29
P0816,SoundWave Music #816,Music,SoundWave,24.78,2.7,95,597,0,0,0.9
P0817,HomeEssentials Health #817,Health,HomeEssentials,36.88,5.0,414,572,0,0,0.54
P0818,NovaTech Music #818,Music,NovaTech,13.15,3.9,484,848,0,0,0.77
P0819,ShineOn Clothing #819,Clothing,ShineOn,54.98,2.4,310,243,20,0,3.09
P0820,ReadMore Health #820,Health,ReadMore,47.24,4.1,328,71,0,0,2.76
P0821,NovaTech Pet Supplies #821,Pet Supplies,NovaTech,13.71,4.7,372,747,10,0,0.76
P0822,PetLife Health #822,Health,PetLife,117.45,3.9,175,703,0,0,1.1
P0823,DigiTools Automotive #823,Automotive,DigiTools,180.65,5.0,139,596,0,1,50.0
P0824,EcoLiving Automotive #824,Automotive,EcoLiving,86.07,2.3,328,166,0,0,7.95
P0825,WorkSmart Clothing #825,Clothing,WorkSmart,68.94,4.9,138,567,0,0,1.01
P0826,PlayTime Food & Grocery #826,Food & Grocery,PlayTime,11.9,3.6,382,488,25,0,4.02
P0827,AutoParts Toys #827,Toys,AutoParts,18.22,3.1,429,809,0,1,1.41
P0828,UrbanStyle Jewelry #828,Jewelry,UrbanStyle,144.76,4.6,258,249,0,0,4.24
P0829,ShineOn Sports #829,Sports,ShineOn,33.25,4.4,295,38,0,0,0.47
P0830,StyleMax Toys #830,Toys,StyleMax,30.09,5.0,46,676,40,0,2.02
P0831,NovaTech Health #831,Health,NovaTech,25.17,5.0,223,231,0,0,2.68
P0832,WorkSmart Home & Garden #832,Home & Garden,WorkSmart,39.46,3.9,497,357,0,0,0.95
P0833,PureBrand Toys #833,Toys,PureBrand,26.9,2.5,315,685,0,0,0.63
P0834,TechPro Office Supplies #834,Office Supplies,TechPro,33.69,2.3,38,353,0,0,1.21
P0835,DigiTools Health #835,Health,DigiTools,39.89,2.4,190,218,0,0,0.25
P0836,TechPro Music #836,Music,TechPro,18.58,3.4,351,26,0,0,0.65
P0837,WorkSmart Music #837,Music,WorkSmart,7.34,4.0,450,192,0,0,0.56
P0838,EcoLiving Electronics #838,Electronics,EcoLiving,180.95,4.4,365,10,0,0,2.28
P0839,FitGear Toys #839,Toys,FitGear,12.35,4.3,145,951,0,0,1.62
P0840,StyleMax Software #840,Software,StyleMax,51.47,3.3,124,314,5,0,1.85
P0841,ReadMore Music #841,Music,ReadMore,17.95,4.9,80,931,0,0,3.14
P0842,FitGear Automotive #842,Automotive,FitGear,77.71,5.0,350,375,15,0,0.32
P0843,TechPro Beauty #843,Beauty,TechPro,29.54,3.0,90,469,0,0,4.88
P0844,PureBrand Health #844,Health,PureBrand,44.99,3.7,326,121,25,0,2.42
P0845,FreshMarket Sports #845,Sports,FreshMarket,66.37,4.5,462,103,40,0,0.25
P0846,ShineOn Automotive #846,Automotive,ShineOn,94.73,5.0,333,234,15,0,2.11
P0847,StyleMax Home & Garden #847,Home & Garden,StyleMax,97.42,4.5,153,785,40,0,1.71
P0848,ClassicCo Home & Garden #848,Home & Garden,ClassicCo,17.93,3.3,114,952,50,0,1.46
P0849,SoundWave Health #849,Health,SoundWave,21.2,3.0,488,783,0,0,0.38
P0850,WellBeing Office Supplies #850,Office Supplies,WellBeing,24.93,2.9,65,295,5,0,0.96
P0851,HomeEssentials Pet Supplies #851,Pet Supplies,HomeEssentials,25.07,3.6,20,358,0,0,1.89
P0852,WorkSmart Clothing #852,Clothing,WorkSmart,29.25,3.4,254,240,0,0,1.01
P0853,UrbanStyle Clothing #853,Clothing,UrbanStyle,55.96,3.0,24,756,0,0,0.26
P0854,ShineOn Beauty #854,Beauty,ShineOn,43.32,4.4,408,845,50,0,0.68
P0855,PlayTime Music #855,Music,PlayTime,12.33,3.5,410,89,0,0,1.39
P0856,HomeEssentials Home & Garden #856,Home & Garden,HomeEssentials,43.46,4.1,67,141,5,1,0.81
P0857,ClassicCo Beauty #857,Beauty,ClassicCo,13.24,2.8,202,455,0,0,6.41
P0858,NovaTech Health #858,Health,NovaTech,33.3,4.6,467,923,10,0,2.08
P0859,TechPro Automotive #859,Automotive,TechPro,78.2,4.7,351,48,0,0,2.0
P0860,ReadMore Food & Grocery #860,Food & Grocery,ReadMore,7.06,4.7,61,255,50,0,1.17
P0861,HomeEssentials Jewelry #861,Jewelry,HomeEssentials,69.34,3.9,296,881,10,0,0.63
P0862,NovaTech Jewelry #862,Jewelry,NovaTech,87.72,3.8,270,473,5,0,5.37
P0863,EcoLiving Food & Grocery #863,Food & Grocery,EcoLiving,19.0,4.3,343,349,40,0,0.68
P0864,WellBeing Toys #864,Toys,WellBeing,20.63,4.8,443,824,30,0,1.06
P0865,ShineOn Music #865,Music,ShineOn,11.46,3.8,262,169,0,0,0.91
P0866,FreshMarket Automotive #866,Automotive,FreshMarket,167.78,2.7,474,173,0,1,0.25
P0867,HomeEssentials Pet Supplies #867,Pet Supplies,HomeEssentials,35.36,3.4,351,145,0,1,1.54
P0868,ClassicCo Pet Supplies #868,Pet Supplies,ClassicCo,13.05,4.9,27,834,0,1,2.63
P0869,NovaTech Beauty #869,Beauty,NovaTech,42.86,4.4,284,107,0,0,0.56
P0870,FitGear Office Supplies #870,Office Supplies,FitGear,15.38,4.0,200,646,0,0,0.74
P0871,SoundWave Toys #871,Toys,SoundWave,41.74,3.5,201,108,0,0,0.44
P0872,NovaTech Automotive #872,Automotive,NovaTech,64.99,5.0,349,702,10,0,5.97
P0873,WellBeing Automotive #873,Automotive,WellBeing,32.59,3.0,348,473,0,0,1.53
P0874,TechPro Office Supplies #874,Office Supplies,TechPro,15.04,3.8,202,265,20,0,3.71
P0875,DigiTools Music #875,Music,DigiTools,11.6,4.2,60,172,0,0,0.66
P0876,WorkSmart Pet Supplies #876,Pet Supplies,WorkSmart,17.92,4.1,47,677,0,0,1.73
P0877,ShineOn Software #877,Software,ShineOn,15.87,3.2,133,762,5,0,0.21
P0878,DigiTools Sports #878,Sports,DigiTools,47.11,4.5,373,580,20,0,0.55
P0879,TechPro Home & Garden #879,Home & Garden,TechPro,21.68,4.3,93,509,0,0,7.6
P0880,UrbanStyle Pet Supplies #880,Pet Supplies,UrbanStyle,23.46,3.9,429,500,30,0,1.5
P0881,ClassicCo Automotive #881,Automotive,ClassicCo,23.94,4.1,420,871,50,0,0.72
P0882,FitGear Beauty #882,Beauty,FitGear,17.34,3.4,257,378,0,0,0.16
P0883,UrbanStyle Music #883,Music,UrbanStyle,23.68,5.0,311,824,15,0,1.2
P0884,ShineOn Music #884,Music,ShineOn,25.52,4.9,365,113,0,0,0.66
P0885,PetLife Sports #885,Sports,PetLife,33.59,3.3,0,737,0,0,2.33
P0886,ShineOn Music #886,Music,ShineOn,23.65,3.7,237,954,0,0,0.23
P0887,WellBeing Food & Grocery #887,Food & Grocery,WellBeing,4.81,4.7,412,171,0,0,2.43
P0888,PureBrand Clothing #888,Clothing,PureBrand,73.3,4.5,471,202,0,0,0.64
P0889,UrbanStyle Health #889,Health,UrbanStyle,63.06,4.1,137,461,50,0,0.35
P0890,WellBeing Health #890,Health,WellBeing,31.49,3.0,247,612,0,0,1.2
P0891,HomeEssentials Food & Grocery #891,Food & Grocery,HomeEssentials,9.62,3.1,5,917,50,0,6.15
P0892,UrbanStyle Food & Grocery #892,Food & Grocery,UrbanStyle,3.71,3.9,68,489,0,0,2.06
P0893,NovaTech Home & Garden #893,Home & Garden,NovaTech,58.2,5.0,40,764,0,0,1.36
P0894,EcoLiving Beauty #894,Beauty,EcoLiving,41.71,4.8,172,378,5,0,0.58
P0895,NovaTech Home & Garden #895,Home & Garden,NovaTech,71.91,4.5,277,544,5,0,4.12
P0896,ShineOn Clothing #896,Clothing,ShineOn,48.5,4.4,159,223,0,0,1.42
P0897,WorkSmart Office Supplies #897,Office Supplies,WorkSmart,9.77,2.0,91,548,0,0,0.14
P0898,AutoParts Clothing #898,Clothing,AutoParts,48.01,4.1,435,895,0,0,2.14
P0899,PetLife Software #899,Software,PetLife,32.48,4.1,314,345,15,0,1.27
P0900,TechPro Home & Garden #900,Home & Garden,TechPro,122.02,2.9,395,866,30,0,0.88
P0901,SoundWave Clothing #901,Clothing,SoundWave,60.8,5.0,427,846,40,0,3.45
P0902,StyleMax Pet Supplies #902,Pet Supplies,StyleMax,28.56,4.2,434,611,0,0,0.48
P0903,EcoLiving Food & Grocery #903,Food & Grocery,EcoLiving,12.24,4.3,204,900,0,0,0.59
P0904,EcoLiving Music #904,Music,EcoLiving,11.2,3.2,350,840,5,1,0.83
P0905,UrbanStyle Clothing #905,Clothing,UrbanStyle,29.91,4.0,435,683,0,0,1.5
P0906,PlayTime Electronics #906,Electronics,PlayTime,520.45,4.2,381,924,0,0,0.54
P0907,DigiTools Pet Supplies #907,Pet Supplies,DigiTools,15.98,5.0,106,999,25,1,0.37
P0908,GlowUp Toys #908,Toys,GlowUp,25.21,4.6,460,318,0,1,0.81
P0909,UrbanStyle Jewelry #909,Jewelry,UrbanStyle,94.59,4.2,320,782,0,0,0.6
P0910,FreshMarket Office Supplies #910,Office Supplies,FreshMarket,20.01,2.6,70,469,0,0,5.15
P0911,GlowUp Health #911,Health,GlowUp,38.26,2.8,446,822,0,0,0.13
P0912,StyleMax Food & Grocery #912,Food & Grocery,StyleMax,30.55,1.8,397,146,0,0,2.39
P0913,AutoParts Automotive #913,Automotive,AutoParts,85.92,3.8,274,503,25,0,0.13
P0914,HomeEssentials Pet Supplies #914,Pet Supplies,HomeEssentials,32.04,4.2,177,574,0,0,0.91
P0915,ClassicCo Jewelry #915,Jewelry,ClassicCo,77.27,4.1,390,470,0,0,0.33
P0916,ShineOn Electronics #916,Electronics,ShineOn,181.4,4.5,292,941,25,0,0.21
P0917,SoundWave Health #917,Health,SoundWave,44.21,5.0,302,366,5,0,3.68
P0918,PureBrand Automotive #918,Automotive,PureBrand,161.4,3.3,29,600,10,0,2.03
P0919,EcoLiving Automotive #919,Automotive,EcoLiving,152.37,3.3,80,489,50,1,1.04
P0920,GlowUp Automotive #920,Automotive,GlowUp,16.47,3.9,163,511,0,0,1.11
P0921,AutoParts Health #921,Health,AutoParts,15.12,2.6,459,598,0,1,0.46
P0922,StyleMax Software #922,Software,StyleMax,141.17,4.0,345,565,0,0,0.62
P0923,WellBeing Clothing #923,Clothing,WellBeing,34.48,3.5,102,541,0,0,0.49
P0924,ShineOn Office Supplies #924,Office Supplies,ShineOn,16.51,2.8,440,925,0,0,0.58
P0925,HomeEssentials Beauty #925,Beauty,HomeEssentials,22.43,2.8,392,203,0,0,0.79
P0926,EcoLiving Pet Supplies #926,Pet Supplies,EcoLiving,13.01,3.4,39,138,0,0,3.7
P0927,SoundWave Automotive #927,Automotive,SoundWave,54.34,3.5,46,439,50,0,1.77
P0928,FreshMarket Office Supplies #928,Office Supplies,FreshMarket,15.24,3.5,187,844,0,1,1.34
P0929,PetLife Pet Supplies #929,Pet Supplies,PetLife,19.45,4.9,244,497,0,0,0.36
P0930,GlowUp Beauty #930,Beauty,GlowUp,18.39,4.7,382,360,25,0,1.53
P0931,PureBrand Books #931,Books,PureBrand,23.72,4.1,291,540,0,0,0.08
P0932,PetLife Toys #932,Toys,PetLife,23.87,4.4,170,958,0,0,0.49
P0933,WellBeing Sports #933,Sports,WellBeing,53.83,3.2,337,55,0,0,0.28
P0934,FreshMarket Pet Supplies #934,Pet Supplies,FreshMarket,26.16,4.3,332,621,0,0,0.67
P0935,AutoParts Toys #935,Toys,AutoParts,19.24,3.0,350,729,25,0,0.73
P0936,PetLife Health #936,Health,PetLife,24.58,4.3,305,371,0,0,0.63
P0937,WellBeing Music #937,Music,WellBeing,8.58,5.0,27,968,0,0,0.96
P0938,DigiTools Electronics #938,Electronics,DigiTools,287.13,4.8,463,560,0,0,1.14
P0939,ClassicCo Beauty #939,Beauty,ClassicCo,27.86,4.5,161,188,20,1,3.73
P0940,AutoParts Clothing #940,Clothing,AutoParts,83.07,3.2,406,428,15,0,0.43
P0941,PetLife Home & Garden #941,Home & Garden,PetLife,72.45,4.0,334,867,5,0,0.42
P0942,PureBrand Pet Supplies #942,Pet Supplies,PureBrand,55.09,4.3,312,875,0,0,0.88
P0943,AutoParts Music #943,Music,AutoParts,14.86,4.7,187,204,0,1,1.32
P0944,AutoParts Jewelry #944,Jewelry,AutoParts,55.34,3.5,387,354,0,1,1.01
P0945,GlowUp Beauty #945,Beauty,GlowUp,76.04,4.0,223,52,40,0,6.07
P0946,ShineOn Beauty #946,Beauty,ShineOn,53.4,5.0,127,109,30,0,2.28
P0947,PureBrand Jewelry #947,Jewelry,PureBrand,35.48,3.9,49,744,0,0,3.86
P0948,SoundWave Pet Supplies #948,Pet Supplies,SoundWave,31.44,2.0,50,534,0,1,1.54
P0949,SoundWave Clothing #949,Clothing,SoundWave,64.07,3.1,300,860,50,0,1.06
P0950,PureBrand Clothing #950,Clothing,PureBrand,40.24,3.3,216,14,40,0,0.08
P0951,HomeEssentials Software #951,Software,HomeEssentials,26.3,3.0,163,844,25,0,1.02
P0952,PlayTime Health #952,Health,PlayTime,31.89,4.1,250,630,0,0,0.7
P0953,HomeEssentials Software #953,Software,HomeEssentials,55.08,5.0,56,88,15,0,0.72
P0954,NovaTech Jewelry #954,Jewelry,NovaTech,63.34,5.0,443,663,40,0,2.6
P0955,PetLife Sports #955,Sports,PetLife,71.68,5.0,252,6,50,0,0.26
P0956,DigiTools Health #956,Health,DigiTools,15.67,3.4,460,948,25,0,2.87
P0957,SoundWave Electronics #957,Electronics,SoundWave,218.44,3.9,201,887,0,0,1.81
P0958,UrbanStyle Toys #958,Toys,UrbanStyle,65.96,4.0,148,328,0,0,1.2
P0959,PlayTime Toys #959,Toys,PlayTime,33.72,5.0,315,257,15,0,2.17
P0960,GlowUp Electronics #960,Electronics,GlowUp,412.09,4.4,17,47,30,0,0.16
P0961,TechPro Books #961,Books,TechPro,14.01,3.8,114,215,0,0,1.4
P0962,PureBrand Toys #962,Toys,PureBrand,27.74,3.1,253,568,0,0,0.22
P0963,ShineOn Pet Supplies #963,Pet Supplies,ShineOn,20.14,4.8,75,845,0,0,1.35
P0964,PetLife Health #964,Health,PetLife,28.67,2.9,494,171,40,0,0.28
P0965,HomeEssentials Electronics #965,Electronics,HomeEssentials,257.79,4.3,171,292,0,1,0.43
P0966,ShineOn Electronics #966,Electronics,ShineOn,125.14,4.0,361,260,25,0,0.6
P0967,WellBeing Clothing #967,Clothing,WellBeing,68.26,3.8,459,492,0,0,0.71
P0968,PureBrand Beauty #968,Beauty,PureBrand,38.29,5.0,32,20,30,0,1.14
P0969,NovaTech Automotive #969,Automotive,NovaTech,43.57,4.3,106,925,0,0,1.91
P0970,TechPro Beauty #970,Beauty,TechPro,48.71,4.7,36,180,0,0,10.35
P0971,AutoParts Jewelry #971,Jewelry,AutoParts,258.08,3.1,147,693,0,0,0.48
P0972,SoundWave Health #972,Health,SoundWave,54.58,4.9,287,501,0,0,1.06
P0973,ReadMore Electronics #973,Electronics,ReadMore,75.87,5.0,392,435,0,1,0.85
P0974,ClassicCo Home & Garden #974,Home & Garden,ClassicCo,196.8,4.3,211,240,30,0,0.32
P0975,WellBeing Books #975,Books,WellBeing,4.96,3.5,379,502,30,0,0.13
P0976,PureBrand Jewelry #976,Jewelry,PureBrand,38.14,3.2,413,500,0,0,0.36
P0977,StyleMax Automotive #977,Automotive,StyleMax,33.24,3.9,197,328,10,0,0.53
P0978,FreshMarket Health #978,Health,FreshMarket,30.48,3.7,168,458,40,1,0.63
P0979,UrbanStyle Sports #979,Sports,UrbanStyle,18.91,3.4,405,857,0,0,0.22
P0980,FreshMarket Books #980,Books,FreshMarket,4.88,4.2,119,548,0,1,0.68
P0981,WellBeing Automotive #981,Automotive,WellBeing,56.41,4.2,373,553,20,0,0.77
P0982,HomeEssentials Electronics #982,Electronics,HomeEssentials,138.53,3.7,328,450,0,0,0.38
P0983,FreshMarket Automotive #983,Automotive,FreshMarket,68.48,3.8,142,819,50,0,1.97
P0984,HomeEssentials Jewelry #984,Jewelry,HomeEssentials,113.47,2.7,98,531,0,0,0.17
P0985,WellBeing Food & Grocery #985,Food & Grocery,WellBeing,24.84,3.7,310,997,0,0,1.22
P0986,UrbanStyle Food & Grocery #986,Food & Grocery,UrbanStyle,11.73,2.8,343,212,0,1,0.74
P0987,ReadMore Pet Supplies #987,Pet Supplies,ReadMore,31.03,3.5,130,471,0,0,1.01
P0988,TechPro Office Supplies #988,Office Supplies,TechPro,17.14,4.1,320,987,0,0,1.4
P0989,PlayTime Clothing #989,Clothing,PlayTime,79.91,2.6,260,21,0,0,1.24
P0990,ClassicCo Pet Supplies #990,Pet Supplies,ClassicCo,53.0,3.8,3,877,0,0,0.13
P0991,PlayTime Clothing #991,Clothing,PlayTime,33.23,4.1,221,889,0,0,0.72
P0992,PlayTime Music #992,Music,PlayTime,9.12,2.6,126,423,40,0,1.48
P0993,ShineOn Clothing #993,Clothing,ShineOn,33.25,3.3,238,240,0,0,1.53
P0994,UrbanStyle Health #994,Health,UrbanStyle,27.48,2.8,61,907,25,0,0.42
P0995,PetLife Software #995,Software,PetLife,44.4,4.5,477,256,25,0,0.31
P0996,GlowUp Music #996,Music,GlowUp,17.9,3.3,38,663,30,0,1.64
P0997,HomeEssentials Sports #997,Sports,HomeEssentials,44.45,3.3,396,337,15,0,1.51
P0998,PetLife Home & Garden #998,Home & Garden,PetLife,31.61,4.5,118,4,0,0,0.32
P0999,ClassicCo Beauty #999,Beauty,ClassicCo,26.26,3.6,309,968,0,1,0.26
